filename,loc,avg_cc,max_cc,num_functions,churn,num_commits,num_authors,age_days,is_buggy
bundle\__init__.py,0,0.0,0,0,2,2,2,769,0
bundle\pyinstaller.py,109,3.0,6,6,26,5,2,647,0
devscripts\__init__.py,0,0.0,0,0,2,2,1,1318,1
devscripts\bash-completion.py,18,3.0,3,1,53,17,11,4848,1
devscripts\check-porn.py,43,0.0,0,0,143,14,9,4527,1
devscripts\cli_to_api.py,35,4.0,7,2,55,4,3,1032,0
devscripts\fish-completion.py,35,5.0,5,1,98,16,9,4206,1
devscripts\generate_aes_testdata.py,28,1.0,1,2,73,10,7,4018,0
devscripts\generate_third_party_licenses.py,301,2.67,5,3,329,2,2,195,0
devscripts\install_deps.py,72,3.0,6,3,229,6,2,769,1
devscripts\lazy_load_template.py,31,3.0,5,5,123,18,4,3692,1
devscripts\make_changelog.py,410,5.0,22,33,1065,22,4,1114,1
devscripts\make_contributing.py,20,2.0,2,1,118,13,8,4117,1
devscripts\make_issue_template.py,61,1.0,1,1,293,22,9,3667,1
devscripts\make_lazy_extractors.py,88,4.8,10,5,513,38,13,3692,1
devscripts\make_readme.py,72,2.5,3,2,251,23,8,4852,1
devscripts\make_supportedsites.py,17,3.0,3,1,155,17,8,4099,1
devscripts\prepare_manpage.py,78,3.0,5,6,374,20,10,4330,1
devscripts\run_tests.py,81,10.0,19,2,139,6,2,816,1
devscripts\set-variant.py,21,1.0,1,2,38,2,2,1331,0
devscripts\setup_variables.py,117,15.5,29,2,176,2,1,197,0
devscripts\setup_variables_tests.py,295,10.5,20,2,391,3,1,197,0
devscripts\tomlparse.py,136,5.43,10,7,199,2,2,769,0
devscripts\update-version.py,43,1.0,1,1,226,22,8,1866,1
devscripts\update_changelog.py,18,0.0,0,0,32,2,1,737,0
devscripts\update_ejs.py,128,9.0,19,4,168,2,2,141,0
devscripts\utils.py,48,2.43,7,7,78,5,3,1320,0
devscripts\zsh-completion.py,39,19.0,19,1,105,15,10,4184,1
yt_dlp\YoutubeDL.py,3891,7.83,114,127,10549,595,44,1848,1
yt_dlp\__init__.py,934,23.22,82,9,2580,189,23,1848,1
yt_dlp\__main__.py,8,0.0,0,0,14,8,3,1752,0
yt_dlp\__pyinstaller\__init__.py,3,1.0,1,1,5,1,1,1136,0
yt_dlp\__pyinstaller\hook-yt_dlp.py,26,2.5,3,2,115,10,4,1136,1
yt_dlp\aes.py,420,2.44,7,32,545,23,7,1645,1
yt_dlp\cache.py,74,3.11,5,9,83,11,4,1646,1
yt_dlp\compat\__init__.py,39,1.88,5,8,300,19,7,1506,1
yt_dlp\compat\_deprecated.py,13,1.0,1,1,127,6,4,1506,1
yt_dlp\compat\_legacy.py,101,1.0,1,2,221,17,5,1506,1
yt_dlp\compat\compat_utils.py,63,2.29,5,7,263,12,2,1427,1
yt_dlp\compat\imghdr.py,17,7.0,7,1,52,3,2,1404,1
yt_dlp\compat\shutil.py,21,2.5,4,2,30,1,1,1230,1
yt_dlp\compat\urllib\__init__.py,6,0.0,0,0,12,3,3,1029,0
yt_dlp\compat\urllib\request.py,18,3.5,5,2,64,4,4,1029,0
yt_dlp\cookies.py,1119,3.96,27,79,2722,81,18,1704,1
yt_dlp\dependencies\Cryptodome.py,31,0.0,0,0,134,7,2,1138,1
yt_dlp\dependencies\__init__.py,72,0.0,0,0,31,7,4,1117,0
yt_dlp\downloader\__init__.py,113,12.33,25,3,168,28,10,1848,1
yt_dlp\downloader\bunnycdn.py,37,2.33,3,3,50,1,1,393,0
yt_dlp\downloader\common.py,439,3.12,20,41,898,71,7,1846,1
yt_dlp\downloader\dash.py,75,8.0,14,4,480,28,6,1837,1
yt_dlp\downloader\external.py,526,5.95,63,38,1154,87,16,1849,1
yt_dlp\downloader\f4m.py,316,3.78,29,27,108,14,6,1704,1
yt_dlp\downloader\fc2.py,35,2.5,3,2,52,3,3,1485,0
yt_dlp\downloader\fragment.py,440,4.4,15,20,927,65,12,1846,1
yt_dlp\downloader\hls.py,339,25.25,72,4,1102,53,11,1837,1
yt_dlp\downloader\http.py,278,12.5,13,2,441,38,11,1732,1
yt_dlp\downloader\ism.py,235,7.83,20,6,140,16,6,1793,1
yt_dlp\downloader\mhtml.py,148,4.2,9,5,304,13,5,1763,1
yt_dlp\downloader\niconico.py,80,2.5,3,2,278,16,7,1846,1
yt_dlp\downloader\rtmp.py,187,25.33,38,3,36,9,2,1827,0
yt_dlp\downloader\rtsp.py,36,4.5,5,2,17,5,2,1827,0
yt_dlp\downloader\soop.py,49,4.33,7,3,61,1,1,50,0
yt_dlp\downloader\websocket.py,42,2.6,4,5,89,8,2,1734,1
yt_dlp\downloader\youtube_live_chat.py,198,11.0,15,3,337,21,5,1824,1
yt_dlp\extractor\__init__.py,39,1.5,2,6,131,9,2,1778,0
yt_dlp\extractor\_extractors.py,2641,0.0,0,0,2543,476,196,1371,1
yt_dlp\extractor\abc.py,412,11.83,20,6,292,17,9,1557,1
yt_dlp\extractor\abcnews.py,137,2.0,3,4,9,3,2,1675,0
yt_dlp\extractor\abcotvs.py,116,4.5,8,4,14,4,2,1675,0
yt_dlp\extractor\abematv.py,419,6.29,33,17,1161,32,12,1485,1
yt_dlp\extractor\academicearth.py,33,2.5,3,2,4,2,2,1440,0
yt_dlp\extractor\acast.py,138,2.22,4,9,67,5,4,1675,0
yt_dlp\extractor\acfun.py,178,6.83,11,6,224,7,5,1346,1
yt_dlp\extractor\adn.py,294,12.57,37,7,304,17,8,1614,1
yt_dlp\extractor\adobeconnect.py,27,2.5,3,2,17,4,2,1557,0
yt_dlp\extractor\adobepass.py,1802,12.0,43,5,1414,29,13,1769,1
yt_dlp\extractor\adobetv.py,92,8.5,9,2,388,9,4,1675,1
yt_dlp\extractor\adultswim.py,183,17.5,18,2,24,7,4,1675,1
yt_dlp\extractor\aenetworks.py,422,3.11,8,18,293,16,9,1687,1
yt_dlp\extractor\aeonco.py,71,3.5,4,2,100,3,3,1256,0
yt_dlp\extractor\afreecatv.py,414,5.44,17,16,1133,27,11,1800,1
yt_dlp\extractor\agalega.py,80,2.17,3,6,91,1,1,120,0
yt_dlp\extractor\agora.py,217,3.3,5,10,288,4,4,1233,1
yt_dlp\extractor\airtv.py,88,4.33,5,3,102,3,3,1197,0
yt_dlp\extractor\aitube.py,51,3.5,4,2,62,2,2,1172,0
yt_dlp\extractor\alibaba.py,38,2.5,3,2,42,1,1,105,0
yt_dlp\extractor\aliexpress.py,41,1.5,2,2,8,3,2,1478,0
yt_dlp\extractor\aljazeera.py,74,7.5,8,2,109,5,4,1675,1
yt_dlp\extractor\allocine.py,116,5.5,6,2,16,4,2,1447,0
yt_dlp\extractor\allstar.py,224,2.88,4,8,282,4,3,852,0
yt_dlp\extractor\alphaporno.py,66,1.5,2,2,8,3,3,1440,0
yt_dlp\extractor\alsace20tv.py,72,4.5,11,6,97,4,2,1478,0
yt_dlp\extractor\altcensored.py,93,2.0,3,4,124,4,4,856,1
yt_dlp\extractor\alura.py,132,4.83,7,6,51,8,4,1675,1
yt_dlp\extractor\amadeustv.py,69,5.5,6,2,79,2,2,792,0
yt_dlp\extractor\amara.py,90,9.5,10,2,15,3,3,1440,0
yt_dlp\extractor\amazon.py,154,8.5,9,4,216,9,6,1596,1
yt_dlp\extractor\amazonminitv.py,269,4.18,11,11,626,7,5,1209,1
yt_dlp\extractor\amcnetworks.py,57,2.5,3,2,230,8,5,1827,1
yt_dlp\extractor\americastestkitchen.py,195,5.0,6,4,154,5,3,1675,1
yt_dlp\extractor\amp.py,91,19.5,20,2,22,6,4,1440,1
yt_dlp\extractor\anchorfm.py,92,2.5,3,2,106,3,3,1128,0
yt_dlp\extractor\angel.py,45,3.5,4,2,68,3,3,1329,0
yt_dlp\extractor\antenna.py,124,2.75,6,8,14,3,2,767,1
yt_dlp\extractor\anvato.py,330,6.43,19,7,317,12,4,1675,1
yt_dlp\extractor\aol.py,120,8.5,9,2,22,6,2,1671,0
yt_dlp\extractor\apa.py,80,6.5,7,2,80,7,3,1850,0
yt_dlp\extractor\aparat.py,75,7.0,12,3,20,4,1,1530,1
yt_dlp\extractor\appleconnect.py,111,2.5,4,4,149,4,3,1732,0
yt_dlp\extractor\applepodcasts.py,75,2.5,3,2,170,7,3,1832,1
yt_dlp\extractor\appletrailers.py,251,7.5,13,4,40,5,3,1675,0
yt_dlp\extractor\archiveorg.py,1007,11.55,37,11,2165,30,8,1755,1
yt_dlp\extractor\arcpublishing.py,158,14.0,22,3,42,9,4,1675,0
yt_dlp\extractor\ard.py,695,5.59,16,17,1187,24,11,1822,1
yt_dlp\extractor\arnes.py,88,5.5,6,2,124,7,3,1812,0
yt_dlp\extractor\art19.py,288,3.17,5,6,305,2,1,782,0
yt_dlp\extractor\arte.py,312,5.45,17,11,679,22,13,1675,1
yt_dlp\extractor\asobichannel.py,142,1.89,3,9,168,1,1,791,0
yt_dlp\extractor\asobistage.py,138,4.2,5,5,161,3,2,719,0
yt_dlp\extractor\atresplayer.py,143,6.33,8,3,220,10,5,1798,0
yt_dlp\extractor\atscaleconf.py,28,1.5,2,2,44,2,2,1382,0
yt_dlp\extractor\atvat.py,94,5.33,6,3,242,9,7,1664,1
yt_dlp\extractor\audimedia.py,79,8.5,9,2,8,3,2,1440,0
yt_dlp\extractor\audioboom.py,52,9.5,10,2,84,4,4,1440,0
yt_dlp\extractor\audiodraft.py,83,1.5,2,6,106,2,2,1351,0
yt_dlp\extractor\audiomack.py,112,7.0,9,4,65,4,3,1552,0
yt_dlp\extractor\audius.py,234,4.0,8,14,90,6,3,1766,0
yt_dlp\extractor\awaan.py,157,4.1,9,10,46,8,3,1749,1
yt_dlp\extractor\aws.py,57,7.5,8,2,35,5,3,1440,1
yt_dlp\extractor\axs.py,80,3.5,4,2,95,2,2,917,1
yt_dlp\extractor\azmedien.py,57,2.5,3,2,45,6,4,1675,1
yt_dlp\extractor\baidu.py,43,3.0,4,3,14,3,2,1675,0
yt_dlp\extractor\banbye.py,202,4.0,9,7,272,9,7,1455,1
yt_dlp\extractor\bandcamp.py,496,7.45,27,11,423,20,12,1832,1
yt_dlp\extractor\bandlab.py,409,4.0,9,10,455,3,3,490,0
yt_dlp\extractor\bannedvideo.py,143,3.0,5,5,203,6,4,1674,0
yt_dlp\extractor\bbc.py,1606,5.66,107,50,1092,29,10,1844,1
yt_dlp\extractor\beacon.py,60,6.5,7,2,68,1,1,553,0
yt_dlp\extractor\beatbump.py,105,1.5,2,4,147,3,2,1180,0
yt_dlp\extractor\beatport.py,85,14.5,15,2,13,4,2,1675,0
yt_dlp\extractor\beeg.py,78,8.5,9,2,147,7,4,1671,1
yt_dlp\extractor\behindkink.py,36,1.5,2,2,10,4,2,1675,0
yt_dlp\extractor\berufetv.py,61,9.5,10,2,74,2,2,1271,0
yt_dlp\extractor\bet.py,45,1.0,1,1,135,4,3,1440,0
yt_dlp\extractor\bfi.py,31,3.5,4,2,4,2,2,1440,0
yt_dlp\extractor\bfmtv.py,128,3.78,9,9,104,7,4,1440,1
yt_dlp\extractor\bibeltv.py,167,2.36,5,11,212,4,3,1440,1
yt_dlp\extractor\bigflix.py,58,6.5,7,2,19,3,2,1440,0
yt_dlp\extractor\bigo.py,48,8.5,9,2,91,8,6,1498,1
yt_dlp\extractor\bild.py,57,4.5,5,2,39,3,3,1440,0
yt_dlp\extractor\bilibili.py,2345,4.87,43,89,4956,102,32,1847,1
yt_dlp\extractor\biobiochiletv.py,70,2.5,3,2,3,1,1,1440,0
yt_dlp\extractor\bitchute.py,294,4.12,7,8,537,15,8,1672,1
yt_dlp\extractor\bitmovin.py,64,2.0,3,3,74,1,1,126,0
yt_dlp\extractor\blackboardcollaborate.py,163,4.2,7,5,223,5,4,1684,0
yt_dlp\extractor\bleacherreport.py,99,4.0,7,4,30,6,3,1440,1
yt_dlp\extractor\blerp.py,154,3.5,4,2,192,2,2,1128,0
yt_dlp\extractor\blogger.py,52,2.5,3,2,84,6,5,1583,0
yt_dlp\extractor\bloomberg.py,68,5.5,6,2,16,4,3,1440,0
yt_dlp\extractor\bluesky.py,375,3.5,8,6,425,5,4,503,0
yt_dlp\extractor\bokecc.py,39,3.0,4,4,26,5,2,1675,0
yt_dlp\extractor\bongacams.py,61,3.5,4,2,35,6,3,1675,0
yt_dlp\extractor\boosty.py,239,10.0,14,3,290,3,3,771,0
yt_dlp\extractor\bostonglobe.py,56,8.5,9,2,7,3,3,1440,0
yt_dlp\extractor\box.py,106,9.5,10,2,112,7,4,1675,1
yt_dlp\extractor\boxcast.py,91,9.5,10,2,118,3,3,1128,0
yt_dlp\extractor\bpb.py,142,4.0,5,4,255,6,5,1542,1
yt_dlp\extractor\br.py,157,5.0,6,4,167,7,2,1800,1
yt_dlp\extractor\brainpop.py,288,2.87,10,15,336,4,4,1073,0
yt_dlp\extractor\breitbart.py,30,1.5,2,2,56,7,4,1576,0
yt_dlp\extractor\brightcove.py,802,12.07,39,15,749,25,8,1799,1
yt_dlp\extractor\brilliantpala.py,113,2.71,6,7,144,3,1,909,1
yt_dlp\extractor\btvplus.py,66,4.5,5,2,73,1,1,252,0
yt_dlp\extractor\bundesliga.py,31,1.5,2,2,44,2,2,1265,0
yt_dlp\extractor\bundestag.py,111,6.33,7,3,142,3,3,824,0
yt_dlp\extractor\bunnycdn.py,176,9.33,16,3,201,3,2,393,1
yt_dlp\extractor\businessinsider.py,42,1.5,2,2,7,2,2,1440,0
yt_dlp\extractor\buzzfeed.py,87,5.5,6,2,11,3,2,1440,0
yt_dlp\extractor\byutv.py,97,7.5,8,2,39,6,3,1798,0
yt_dlp\extractor\c56.py,51,4.5,5,2,12,4,2,1675,0
yt_dlp\extractor\caffeinetv.py,68,3.5,4,2,78,2,2,664,0
yt_dlp\extractor\callin.py,142,11.0,16,3,195,8,4,1534,0
yt_dlp\extractor\caltrans.py,31,1.5,2,2,47,4,3,1496,0
yt_dlp\extractor\cam4.py,26,1.5,2,2,45,6,3,1645,0
yt_dlp\extractor\camdemy.py,126,3.0,4,4,36,2,2,1440,0
yt_dlp\extractor\camfm.py,74,2.0,3,4,93,3,2,1027,0
yt_dlp\extractor\cammodels.py,69,11.5,12,2,53,5,2,1557,0
yt_dlp\extractor\camsoda.py,49,7.5,8,2,61,2,2,1229,0
yt_dlp\extractor\camtasia.py,61,4.5,5,2,77,2,2,1327,0
yt_dlp\extractor\canal1.py,33,1.5,2,2,39,1,1,912,0
yt_dlp\extractor\canalalpha.py,103,7.5,8,2,151,7,4,1584,1
yt_dlp\extractor\canalc2.py,58,4.5,5,2,7,3,2,1440,0
yt_dlp\extractor\canalplus.py,81,9.5,10,2,15,5,3,1675,0
yt_dlp\extractor\canalsurmas.py,75,3.0,4,4,84,1,1,369,0
yt_dlp\extractor\caracoltv.py,115,2.5,4,6,140,2,2,912,0
yt_dlp\extractor\cbc.py,998,4.71,22,31,2144,34,11,1644,1
yt_dlp\extractor\cbs.py,256,6.67,14,9,510,16,10,1843,1
yt_dlp\extractor\cbsnews.py,372,2.82,8,22,405,9,4,1799,0
yt_dlp\extractor\cbssports.py,92,3.0,7,6,133,5,2,1806,0
yt_dlp\extractor\ccc.py,121,6.0,9,4,42,6,5,1440,1
yt_dlp\extractor\ccma.py,167,20.5,21,2,93,7,4,1675,1
yt_dlp\extractor\cctv.py,180,5.5,6,2,31,5,3,1508,1
yt_dlp\extractor\cda.py,371,3.88,8,8,460,15,10,1780,1
yt_dlp\extractor\cellebrite.py,33,4.5,5,2,152,5,4,1347,0
yt_dlp\extractor\ceskatelevize.py,246,13.25,37,4,283,13,6,1769,1
yt_dlp\extractor\cgtn.py,60,3.5,4,2,95,4,3,1644,1
yt_dlp\extractor\charlierose.py,46,3.5,4,2,10,3,2,1440,1
yt_dlp\extractor\chaturbate.py,135,9.25,20,4,94,8,5,1557,1
yt_dlp\extractor\chilloutzone.py,113,6.5,7,2,133,3,2,1675,1
yt_dlp\extractor\chzzk.py,189,9.0,11,4,263,6,4,792,1
yt_dlp\extractor\cinemax.py,22,1.5,2,2,10,4,2,1675,0
yt_dlp\extractor\cinetecamilano.py,57,8.5,9,2,74,4,4,1226,0
yt_dlp\extractor\cineverse.py,126,3.8,5,5,156,5,2,910,0
yt_dlp\extractor\ciscolive.py,126,2.9,11,10,14,3,2,1671,0
yt_dlp\extractor\ciscowebex.py,94,14.5,15,2,138,7,4,1625,0
yt_dlp\extractor\cjsw.py,56,1.5,2,2,9,3,2,1675,0
yt_dlp\extractor\clipchamp.py,53,4.5,5,2,61,1,1,1053,0
yt_dlp\extractor\clippit.py,60,5.5,6,2,12,3,3,1440,0
yt_dlp\extractor\cliprs.py,24,1.5,2,2,6,3,2,1440,0
yt_dlp\extractor\closertotruth.py,79,5.5,6,2,17,4,2,1447,0
yt_dlp\extractor\cloudflarestream.py,89,3.5,4,2,114,11,7,1440,1
yt_dlp\extractor\cloudycdn.py,102,4.5,5,2,130,4,3,783,1
yt_dlp\extractor\clubic.py,44,2.5,3,2,9,4,2,1440,0
yt_dlp\extractor\clyp.py,89,6.5,7,2,59,5,3,1671,0
yt_dlp\extractor\cnbc.py,91,1.5,2,2,160,5,4,1675,1
yt_dlp\extractor\cnn.py,262,7.0,11,4,379,7,5,1675,1
yt_dlp\extractor\comedycentral.py,25,1.0,1,1,80,4,4,1640,0
yt_dlp\extractor\common.py,3545,5.03,60,178,5255,340,47,1849,1
yt_dlp\extractor\commonmistakes.py,46,1.83,3,6,38,7,3,1772,1
yt_dlp\extractor\commonprotocols.py,55,1.5,2,6,32,6,2,1813,0
yt_dlp\extractor\condenast.py,237,6.4,16,5,66,7,3,1675,0
yt_dlp\extractor\contv.py,100,13.5,14,2,7,3,2,1440,0
yt_dlp\extractor\corus.py,146,16.5,17,2,32,10,4,1799,1
yt_dlp\extractor\coub.py,115,16.5,17,2,16,4,3,1604,1
yt_dlp\extractor\cozytv.py,33,2.5,3,2,55,4,3,1582,0
yt_dlp\extractor\cpac.py,119,10.0,13,4,186,6,2,1478,1
yt_dlp\extractor\cracked.py,74,4.5,5,2,6,2,2,1440,0
yt_dlp\extractor\craftsy.py,64,10.5,11,2,129,5,4,1451,1
yt_dlp\extractor\croatianfilm.py,71,4.5,5,2,79,1,1,76,0
yt_dlp\extractor\crooksandliars.py,61,3.5,4,2,31,6,3,1440,1
yt_dlp\extractor\crowdbunker.py,97,6.8,11,5,162,5,3,1520,0
yt_dlp\extractor\crtvg.py,47,2.5,3,2,63,3,3,1026,1
yt_dlp\extractor\cspan.py,256,19.0,34,4,94,9,4,1575,1
yt_dlp\extractor\ctsnews.py,73,3.5,4,2,9,3,3,1440,0
yt_dlp\extractor\ctvnews.py,173,5.0,8,3,188,6,6,1522,1
yt_dlp\extractor\cultureunplugged.py,64,4.5,5,2,44,6,4,1675,0
yt_dlp\extractor\curiositystream.py,179,5.8,19,10,305,15,3,1806,1
yt_dlp\extractor\cybrary.py,125,2.67,6,9,186,8,4,1447,1
yt_dlp\extractor\dacast.py,157,2.9,10,10,194,4,2,1027,1
yt_dlp\extractor\dailymail.py,77,9.5,10,2,38,7,5,1440,0
yt_dlp\extractor\dailymotion.py,601,4.59,28,22,547,23,10,1769,1
yt_dlp\extractor\dailywire.py,102,2.17,4,6,127,4,3,1370,0
yt_dlp\extractor\damtomo.py,91,3.25,6,4,129,6,4,1645,1
yt_dlp\extractor\dangalplay.py,189,3.09,7,11,226,3,2,665,0
yt_dlp\extractor\daum.py,220,3.0,6,14,58,7,2,1769,1
yt_dlp\extractor\daystar.py,40,4.5,5,2,49,2,2,1478,0
yt_dlp\extractor\dbtv.py,57,2.5,3,2,34,5,3,1675,0
yt_dlp\extractor\dctp.py,86,8.5,9,2,14,2,2,1440,0
yt_dlp\extractor\democracynow.py,75,9.5,10,2,17,4,3,1440,0
yt_dlp\extractor\detik.py,143,5.5,6,2,363,5,3,1346,0
yt_dlp\extractor\deuxm.py,68,1.5,2,4,92,2,2,1231,0
yt_dlp\extractor\dfb.py,44,3.5,4,2,11,4,2,1675,0
yt_dlp\extractor\dhm.py,48,1.5,2,2,3,2,2,1440,0
yt_dlp\extractor\digitalconcerthall.py,251,5.78,17,9,495,12,8,1531,1
yt_dlp\extractor\digiteka.py,73,4.5,5,2,111,6,3,1675,0
yt_dlp\extractor\digiview.py,123,1.5,2,2,130,1,1,403,0
yt_dlp\extractor\discogs.py,29,2.5,3,2,35,1,1,1011,0
yt_dlp\extractor\disney.py,145,24.5,25,2,38,9,4,1799,1
yt_dlp\extractor\dispeak.py,108,4.5,7,4,60,5,2,1780,1
yt_dlp\extractor\dlf.py,174,2.17,4,6,228,2,2,1055,0
yt_dlp\extractor\dlive.py,85,1.5,2,4,17,5,2,1675,0
yt_dlp\extractor\douyutv.py,273,3.82,7,11,357,8,7,1557,1
yt_dlp\extractor\dplay.py,1207,2.68,25,41,1976,33,11,1850,1
yt_dlp\extractor\drbonanza.py,45,2.5,3,2,9,4,2,1675,0
yt_dlp\extractor\dreisat.py,115,1.5,2,2,375,7,4,1845,1
yt_dlp\extractor\drooble.py,103,9.0,15,3,125,3,3,1544,0
yt_dlp\extractor\dropbox.py,98,6.33,10,3,221,15,7,1675,1
yt_dlp\extractor\dropout.py,206,4.43,12,7,402,10,7,1548,1
yt_dlp\extractor\drtalks.py,47,1.5,2,2,51,1,1,433,0
yt_dlp\extractor\drtuber.py,90,7.5,8,2,24,6,3,1675,0
yt_dlp\extractor\drtv.py,365,5.78,13,9,679,14,8,1557,1
yt_dlp\extractor\dtube.py,71,7.5,8,2,20,6,3,1675,0
yt_dlp\extractor\duboku.py,204,9.33,14,6,98,7,6,1675,1
yt_dlp\extractor\dumpert.py,107,11.5,12,2,66,6,4,1440,1
yt_dlp\extractor\duoplay.py,132,7.5,8,2,202,5,3,855,1
yt_dlp\extractor\dvtv.py,162,8.0,11,3,31,6,3,1596,0
yt_dlp\extractor\dw.py,98,3.0,5,4,39,6,3,1658,1
yt_dlp\extractor\ebaumsworld.py,26,1.5,2,2,4,2,2,1440,0
yt_dlp\extractor\ebay.py,30,4.5,5,2,40,2,2,1129,0
yt_dlp\extractor\egghead.py,117,4.5,7,6,39,7,2,1764,1
yt_dlp\extractor\eggs.py,139,1.88,4,8,155,1,1,424,0
yt_dlp\extractor\eighttracks.py,146,6.5,7,2,52,2,2,1440,0
yt_dlp\extractor\eitb.py,71,12.5,13,2,35,5,4,1440,0
yt_dlp\extractor\elementorembed.py,67,7.5,8,2,72,1,1,792,0
yt_dlp\extractor\elonet.py,56,3.5,4,2,173,5,3,1800,1
yt_dlp\extractor\elpais.py,86,6.5,7,2,7,2,2,1440,0
yt_dlp\extractor\eltrecetv.py,57,4.5,5,2,66,2,2,857,0
yt_dlp\extractor\embedly.py,100,4.0,5,3,115,6,2,1440,0
yt_dlp\extractor\epicon.py,105,4.5,7,4,156,5,4,1669,0
yt_dlp\extractor\epidemicsound.py,116,5.0,7,4,130,2,2,816,0
yt_dlp\extractor\eplus.py,186,11.33,18,3,227,4,2,911,1
yt_dlp\extractor\epoch.py,50,1.5,2,2,67,3,3,1298,0
yt_dlp\extractor\eporner.py,116,12.5,13,2,40,7,5,1675,0
yt_dlp\extractor\erocast.py,59,2.5,3,2,65,2,2,897,0
yt_dlp\extractor\eroprofile.py,100,2.29,3,7,85,6,3,1766,1
yt_dlp\extractor\err.py,281,5.0,7,4,298,5,3,783,0
yt_dlp\extractor\ertgr.py,285,6.08,10,13,446,9,5,1509,1
yt_dlp\extractor\espn.py,380,3.5,8,12,343,14,7,1584,1
yt_dlp\extractor\ettutv.py,52,1.5,2,2,64,3,3,1011,1
yt_dlp\extractor\europa.py,170,3.5,5,4,219,9,5,1671,0
yt_dlp\extractor\europeantour.py,28,2.5,3,2,48,3,3,1533,0
yt_dlp\extractor\eurosport.py,151,5.0,7,3,189,5,3,1297,0
yt_dlp\extractor\euscreen.py,53,4.5,5,2,91,6,4,1622,0
yt_dlp\extractor\expressen.py,86,5.5,6,2,33,6,4,1440,1
yt_dlp\extractor\extractors.py,33,2.0,2,1,926,291,98,1850,1
yt_dlp\extractor\eyedotv.py,53,4.5,5,2,19,3,3,1440,0
yt_dlp\extractor\facebook.py,1056,9.31,51,13,1413,51,14,1800,1
yt_dlp\extractor\fancode.py,142,3.14,6,7,312,11,4,1756,1
yt_dlp\extractor\fathom.py,49,1.5,2,2,54,1,1,729,0
yt_dlp\extractor\faulio.py,219,2.57,4,7,257,3,1,239,0
yt_dlp\extractor\faz.py,81,9.5,10,2,6,3,2,1440,0
yt_dlp\extractor\fc2.py,252,12.14,33,7,297,17,7,1675,1
yt_dlp\extractor\fczenit.py,43,5.5,6,2,7,3,2,1440,0
yt_dlp\extractor\fifa.py,73,1.5,2,2,186,9,6,1419,1
yt_dlp\extractor\filmarchiv.py,48,1.5,2,2,52,1,1,92,0
yt_dlp\extractor\filmon.py,148,9.0,10,4,36,6,4,1557,0
yt_dlp\extractor\filmweb.py,34,2.5,3,2,8,3,2,1675,0
yt_dlp\extractor\firsttv.py,149,3.6,6,5,255,7,6,1440,1
yt_dlp\extractor\fivetv.py,76,2.5,3,2,12,4,1,1675,0
yt_dlp\extractor\flextv.py,71,11.5,12,2,91,2,2,761,0
yt_dlp\extractor\flickr.py,100,4.33,5,3,22,5,2,1520,0
yt_dlp\extractor\floatplane.py,354,6.25,16,8,751,8,6,846,1
yt_dlp\extractor\folketinget.py,64,2.5,3,2,9,3,2,1440,0
yt_dlp\extractor\footyroom.py,44,5.5,6,2,5,2,2,1440,0
yt_dlp\extractor\formula1.py,21,1.5,2,2,35,2,1,1747,0
yt_dlp\extractor\fourtube.py,274,4.0,9,8,48,4,2,1675,0
yt_dlp\extractor\fox.py,156,9.5,15,4,80,7,5,1534,0
yt_dlp\extractor\fox9.py,32,1.5,2,4,3,1,1,1440,0
yt_dlp\extractor\foxnews.py,167,2.0,3,7,128,7,3,1675,1
yt_dlp\extractor\foxsports.py,48,3.5,4,2,63,3,3,1440,1
yt_dlp\extractor\fptplay.py,107,4.33,6,3,145,5,3,1474,1
yt_dlp\extractor\francaisfacile.py,70,1.5,2,2,100,2,2,354,0
yt_dlp\extractor\franceinter.py,47,3.5,4,2,3,1,1,1440,0
yt_dlp\extractor\francetv.py,431,9.56,42,9,886,29,7,1815,1
yt_dlp\extractor\freesound.py,62,4.5,5,2,6,4,3,1440,0
yt_dlp\extractor\freespeech.py,25,1.5,2,2,2,1,1,1440,0
yt_dlp\extractor\freetv.py,121,1.75,3,8,163,4,3,1380,1
yt_dlp\extractor\frontendmasters.py,203,4.38,8,13,50,6,2,1675,0
yt_dlp\extractor\frontro.py,86,2.5,3,6,235,3,3,124,0
yt_dlp\extractor\fujitv.py,68,5.5,6,2,126,11,5,1832,1
yt_dlp\extractor\funk.py,40,1.5,2,2,46,6,2,1675,1
yt_dlp\extractor\funker530.py,76,4.5,5,2,86,3,3,1013,1
yt_dlp\extractor\fuyintv.py,26,1.5,2,2,32,2,2,1365,0
yt_dlp\extractor\gab.py,126,8.0,12,4,184,8,6,1671,1
yt_dlp\extractor\gaia.py,107,3.5,5,4,52,5,2,1675,0
yt_dlp\extractor\gamedevtv.py,131,3.6,5,5,141,1,1,500,0
yt_dlp\extractor\gamejolt.py,495,6.0,33,20,595,8,4,1547,1
yt_dlp\extractor\gamespot.py,69,5.5,6,2,13,4,3,1440,0
yt_dlp\extractor\gamestar.py,50,1.5,2,2,13,3,2,1675,0
yt_dlp\extractor\gaskrank.py,83,5.5,6,2,12,6,3,1675,1
yt_dlp\extractor\gazeta.py,38,1.5,2,2,12,4,2,1675,0
yt_dlp\extractor\gbnews.py,101,7.33,8,3,121,2,2,664,0
yt_dlp\extractor\gdcvault.py,185,6.0,8,3,135,6,3,1780,0
yt_dlp\extractor\gedidigital.py,186,6.0,13,5,254,7,3,1841,1
yt_dlp\extractor\generic.py,1082,19.6,77,10,6711,139,35,1841,1
yt_dlp\extractor\genericembeds.py,102,4.5,5,4,132,7,3,1352,1
yt_dlp\extractor\genius.py,131,4.5,7,4,161,2,1,1233,0
yt_dlp\extractor\germanupa.py,85,3.5,4,2,91,1,1,540,0
yt_dlp\extractor\getcourseru.py,174,2.6,4,5,224,6,6,792,1
yt_dlp\extractor\gettr.py,176,6.83,15,6,308,8,4,1634,1
yt_dlp\extractor\giantbomb.py,73,8.5,9,2,9,4,2,1675,0
yt_dlp\extractor\glide.py,32,3.5,4,2,11,4,2,1447,0
yt_dlp\extractor\globalplayer.py,223,2.43,6,14,258,3,3,1059,0
yt_dlp\extractor\globo.py,221,3.2,4,5,481,13,8,1769,1
yt_dlp\extractor\glomex.py,205,3.54,11,13,367,11,5,1528,1
yt_dlp\extractor\gmanetwork.py,76,3.5,4,2,87,2,2,1073,0
yt_dlp\extractor\go.py,290,8.5,22,4,478,11,7,1795,1
yt_dlp\extractor\godresource.py,71,4.5,5,2,91,3,3,667,0
yt_dlp\extractor\godtube.py,47,1.5,2,2,11,4,2,1675,0
yt_dlp\extractor\gofile.py,92,4.5,10,4,186,11,8,1563,1
yt_dlp\extractor\golem.py,55,5.5,6,2,22,4,3,1440,0
yt_dlp\extractor\goodgame.py,64,3.5,4,2,117,3,3,1406,1
yt_dlp\extractor\googledrive.py,257,3.67,11,9,462,15,8,1799,1
yt_dlp\extractor\googlepodcasts.py,71,2.29,5,7,8,3,2,1675,0
yt_dlp\extractor\googlesearch.py,32,4.5,5,2,51,3,1,1624,1
yt_dlp\extractor\goplay.py,348,1.92,9,24,757,11,8,1280,1
yt_dlp\extractor\gopro.py,96,9.5,10,2,131,5,4,1628,1
yt_dlp\extractor\goshgay.py,40,1.5,2,2,12,2,2,1440,0
yt_dlp\extractor\gotostage.py,58,1.5,2,2,104,4,4,1656,0
yt_dlp\extractor\gputechconf.py,27,1.5,2,2,7,2,2,1440,0
yt_dlp\extractor\graspop.py,27,1.5,2,2,32,1,1,628,0
yt_dlp\extractor\gronkh.py,105,2.88,4,8,156,9,7,1615,1
yt_dlp\extractor\groupon.py,56,7.5,8,2,6,3,2,1440,0
yt_dlp\extractor\harpodeon.py,63,2.5,3,2,86,3,2,1321,0
yt_dlp\extractor\hbo.py,161,10.0,19,4,19,5,4,1440,0
yt_dlp\extractor\hearthisat.py,122,5.5,6,2,139,6,4,1673,1
yt_dlp\extractor\heise.py,189,11.5,12,2,81,6,3,1440,1
yt_dlp\extractor\hellporno.py,64,3.5,4,2,6,3,1,1447,0
yt_dlp\extractor\hgtv.py,28,3.5,4,2,3,1,1,1440,0
yt_dlp\extractor\hidive.py,106,6.0,12,4,313,13,5,1675,1
yt_dlp\extractor\historicfilms.py,37,2.5,3,2,4,2,2,1440,0
yt_dlp\extractor\hitrecord.py,58,6.5,7,2,13,2,2,1440,0
yt_dlp\extractor\hketv.py,163,20.5,21,2,14,6,5,1440,0
yt_dlp\extractor\hollywoodreporter.py,61,3.2,5,5,74,2,2,1094,0
yt_dlp\extractor\holodex.py,95,3.5,4,2,104,3,3,1329,1
yt_dlp\extractor\hotnewhiphop.py,52,4.5,5,2,26,4,3,1440,0
yt_dlp\extractor\hotstar.py,438,6.07,38,14,1261,39,10,1799,1
yt_dlp\extractor\hrefli.py,11,1.5,2,2,15,1,1,1075,0
yt_dlp\extractor\hrfensehen.py,76,2.33,3,3,86,8,6,1848,1
yt_dlp\extractor\hrti.py,165,4.0,7,8,56,7,4,1675,0
yt_dlp\extractor\hse.py,81,3.57,5,7,107,5,3,1565,0
yt_dlp\extractor\huajiao.py,46,1.5,2,2,5,2,2,1440,0
yt_dlp\extractor\huffpost.py,79,8.5,9,2,10,5,3,1499,0
yt_dlp\extractor\hungama.py,183,3.25,7,8,228,8,5,1674,1
yt_dlp\extractor\huya.py,229,6.2,13,5,349,11,9,1465,1
yt_dlp\extractor\hypem.py,39,1.5,2,2,8,2,2,1440,0
yt_dlp\extractor\hypergryph.py,61,4.5,5,2,96,4,3,1128,1
yt_dlp\extractor\hytale.py,51,3.33,4,3,67,3,2,1347,0
yt_dlp\extractor\icareus.py,166,19.5,20,2,193,3,3,1427,0
yt_dlp\extractor\ichinanalive.py,192,5.29,11,7,249,6,5,1658,0
yt_dlp\extractor\idagio.py,240,1.85,3,13,288,2,1,157,0
yt_dlp\extractor\idolplus.py,104,12.5,13,2,115,1,1,1027,0
yt_dlp\extractor\ign.py,346,4.71,11,14,379,6,4,1440,0
yt_dlp\extractor\iheart.py,82,2.29,5,7,7,3,3,1440,1
yt_dlp\extractor\ilpost.py,61,3.5,4,2,74,3,2,792,0
yt_dlp\extractor\iltalehti.py,46,1.5,2,2,55,3,3,1265,0
yt_dlp\extractor\imdb.py,133,6.5,11,4,79,6,4,1593,1
yt_dlp\extractor\imggaming.py,111,4.29,15,7,39,10,3,1769,1
yt_dlp\extractor\imgur.py,382,6.8,21,10,482,8,5,1440,1
yt_dlp\extractor\ina.py,78,1.5,2,2,130,4,3,1440,1
yt_dlp\extractor\inc.py,50,2.5,3,2,4,2,2,1440,0
yt_dlp\extractor\indavideo.py,111,13.5,14,2,130,6,4,1440,1
yt_dlp\extractor\infoq.py,109,2.0,4,6,33,6,4,1447,0
yt_dlp\extractor\instagram.py,644,6.41,40,27,1638,48,16,1815,1
yt_dlp\extractor\internazionale.py,64,3.5,4,2,14,4,2,1596,0
yt_dlp\extractor\internetvideoarchive.py,50,2.0,3,3,10,3,1,1671,0
yt_dlp\extractor\iprima.py,231,7.0,12,7,324,14,8,1799,1
yt_dlp\extractor\iqiyi.py,511,5.5,21,14,753,22,7,1800,1
yt_dlp\extractor\islamchannel.py,69,2.5,4,4,85,3,3,1301,0
yt_dlp\extractor\israelnationalnews.py,45,2.5,3,2,56,2,2,1264,0
yt_dlp\extractor\itprotv.py,122,3.25,8,8,166,6,5,1455,0
yt_dlp\extractor\itv.py,233,8.29,25,7,251,11,7,1651,1
yt_dlp\extractor\ivi.py,220,11.4,24,5,99,11,2,1827,1
yt_dlp\extractor\ivideon.py,66,8.5,9,2,26,5,2,1675,0
yt_dlp\extractor\ivoox.py,70,2.5,3,2,78,1,1,349,0
yt_dlp\extractor\iwara.py,261,3.64,9,14,802,19,9,1669,1
yt_dlp\extractor\ixigua.py,75,2.5,3,4,87,3,3,1371,0
yt_dlp\extractor\izlesene.py,98,8.5,9,2,22,3,2,1440,0
yt_dlp\extractor\jamendo.py,188,6.6,14,5,161,9,6,1806,1
yt_dlp\extractor\japandiet.py,227,2.75,6,16,299,5,5,1237,0
yt_dlp\extractor\jeuxvideo.py,44,3.5,4,2,10,3,2,1675,0
yt_dlp\extractor\jiosaavn.py,365,2.23,8,26,826,11,6,856,1
yt_dlp\extractor\jixie.py,42,9.5,10,2,69,3,2,1314,0
yt_dlp\extractor\joj.py,104,12.5,13,2,75,8,4,1520,1
yt_dlp\extractor\jove.py,63,2.5,3,2,15,4,3,1675,0
yt_dlp\extractor\jstream.py,60,2.6,5,5,75,2,2,1027,0
yt_dlp\extractor\jtbc.py,140,3.5,5,4,158,2,1,890,1
yt_dlp\extractor\jwplatform.py,92,3.0,4,3,115,8,5,1440,1
yt_dlp\extractor\kakao.py,138,15.5,16,2,128,8,4,1679,1
yt_dlp\extractor\kaltura.py,523,7.44,22,9,684,16,8,1780,1
yt_dlp\extractor\kankanews.py,42,1.5,2,2,55,4,3,1178,0
yt_dlp\extractor\karaoketv.py,50,6.5,7,2,7,2,2,1440,0
yt_dlp\extractor\kelbyone.py,76,7.0,12,3,91,5,3,1541,0
yt_dlp\extractor\kenh14.py,148,7.5,9,4,160,1,1,489,0
yt_dlp\extractor\khanacademy.py,138,2.29,5,7,164,4,4,1440,1
yt_dlp\extractor\kick.py,237,2.8,4,10,482,11,7,1178,1
yt_dlp\extractor\kicker.py,50,1.5,2,2,61,2,2,1369,0
yt_dlp\extractor\kickstarter.py,63,3.5,4,2,3,1,1,1440,0
yt_dlp\extractor\kika.py,151,4.0,6,6,260,4,3,565,0
yt_dlp\extractor\kinja.py,194,14.5,15,2,55,8,4,1675,1
yt_dlp\extractor\kinopoisk.py,54,3.5,4,2,7,3,1,1596,0
yt_dlp\extractor\kommunetv.py,28,1.5,2,2,45,4,3,1128,0
yt_dlp\extractor\kompas.py,22,1.5,2,2,120,4,3,1324,0
yt_dlp\extractor\koo.py,110,6.5,7,2,149,6,3,1640,0
yt_dlp\extractor\krasview.py,49,2.5,3,2,4,2,2,1440,0
yt_dlp\extractor\kth.py,24,1.5,2,2,35,2,2,1370,0
yt_dlp\extractor\ku6.py,25,1.5,2,2,12,2,2,1440,0
yt_dlp\extractor\kukululive.py,124,4.25,7,4,140,1,1,792,0
yt_dlp\extractor\kuwo.py,297,3.5,7,14,60,6,4,1440,0
yt_dlp\extractor\la7.py,194,4.62,8,8,273,9,5,1819,1
yt_dlp\extractor\laracasts.py,102,1.71,3,7,122,3,2,628,0
yt_dlp\extractor\lastfm.py,118,2.14,5,7,177,4,3,1458,0
yt_dlp\extractor\laxarxames.py,63,3.33,4,3,75,2,2,861,0
yt_dlp\extractor\lbry.py,403,3.69,12,13,642,26,8,1843,1
yt_dlp\extractor\lci.py,45,2.5,3,2,59,3,3,1440,1
yt_dlp\extractor\lcp.py,60,2.67,4,3,30,5,4,1440,0
yt_dlp\extractor\learningonscreen.py,62,4.0,5,3,100,3,2,599,1
yt_dlp\extractor\lecture2go.py,58,5.5,6,2,10,5,3,1440,0
yt_dlp\extractor\lecturio.py,204,9.25,25,8,38,9,5,1675,0
yt_dlp\extractor\leeco.py,306,3.46,6,13,53,5,3,1440,0
yt_dlp\extractor\lefigaro.py,118,1.4,2,5,146,2,2,1113,1
yt_dlp\extractor\lego.py,129,18.5,19,2,24,6,3,1675,0
yt_dlp\extractor\lemonde.py,47,2.5,3,2,2,1,1,1440,0
yt_dlp\extractor\lenta.py,44,2.5,3,2,6,3,2,1440,0
yt_dlp\extractor\libraryofcongress.py,127,11.5,12,2,8,4,3,1440,0
yt_dlp\extractor\libsyn.py,99,9.5,10,2,48,5,3,1675,0
yt_dlp\extractor\lifenews.py,191,10.5,12,4,34,4,3,1440,0
yt_dlp\extractor\likee.py,174,2.8,4,5,206,4,3,1417,1
yt_dlp\extractor\linkedin.py,339,4.18,7,17,372,16,6,1675,1
yt_dlp\extractor\liputan6.py,59,1.5,2,2,72,3,3,1351,0
yt_dlp\extractor\listennotes.py,77,4.33,6,3,114,3,2,1231,0
yt_dlp\extractor\litv.py,105,7.0,11,3,239,10,5,1769,1
yt_dlp\extractor\livejournal.py,35,2.5,3,2,9,3,3,1440,0
yt_dlp\extractor\livestream.py,337,4.0,8,13,156,8,4,1675,0
yt_dlp\extractor\livestreamfails.py,33,1.5,2,2,43,3,3,1361,0
yt_dlp\extractor\lnk.py,82,4.5,5,2,0,0,0,0,0
yt_dlp\extractor\locipo.py,190,2.43,4,7,209,1,1,44,0
yt_dlp\extractor\loco.py,148,3.0,5,4,173,3,2,364,1
yt_dlp\extractor\loom.py,439,3.0,6,10,536,3,3,730,1
yt_dlp\extractor\lovehomeporn.py,29,1.5,2,2,12,3,2,1675,0
yt_dlp\extractor\lrt.py,146,2.17,3,6,254,9,5,1675,1
yt_dlp\extractor\lsm.py,276,5.0,10,7,339,4,3,783,1
yt_dlp\extractor\lumni.py,20,1.5,2,2,33,3,3,1113,1
yt_dlp\extractor\lynda.py,260,6.36,18,11,78,7,3,1800,1
yt_dlp\extractor\maariv.py,56,3.5,4,2,62,1,1,824,0
yt_dlp\extractor\magellantv.py,67,5.5,6,2,110,3,2,975,1
yt_dlp\extractor\magentamusik.py,54,3.5,4,2,66,3,2,792,0
yt_dlp\extractor\mailru.py,292,9.78,19,9,31,6,3,1675,1
yt_dlp\extractor\mainstreaming.py,188,3.71,14,7,443,8,6,1536,0
yt_dlp\extractor\mangomolo.py,56,1.44,2,9,46,5,2,1557,0
yt_dlp\extractor\manyvids.py,99,8.5,9,2,320,8,3,1479,1
yt_dlp\extractor\maoritv.py,25,1.5,2,2,34,2,1,1806,0
yt_dlp\extractor\markiza.py,106,2.4,3,5,14,3,2,1440,0
yt_dlp\extractor\massengeschmacktv.py,63,7.5,8,2,19,4,3,1440,1
yt_dlp\extractor\masters.py,32,2.5,3,2,43,4,3,1418,0
yt_dlp\extractor\matchitv.py,34,2.5,3,2,38,1,1,37,0
yt_dlp\extractor\matchtv.py,32,1.5,2,2,46,4,2,1557,1
yt_dlp\extractor\mave.py,173,1.78,3,9,262,2,1,268,0
yt_dlp\extractor\mbn.py,81,3.5,4,2,89,1,1,890,0
yt_dlp\extractor\mdr.py,116,11.5,12,2,75,5,3,1596,0
yt_dlp\extractor\medaltv.py,116,7.5,8,2,331,14,5,1799,1
yt_dlp\extractor\mediaite.py,101,1.5,2,2,132,6,6,1647,1
yt_dlp\extractor\mediaklikk.py,98,6.5,7,2,383,10,6,1657,1
yt_dlp\extractor\medialaan.py,215,2.6,5,5,228,5,2,1440,0
yt_dlp\extractor\mediaset.py,287,7.86,19,7,586,20,7,1701,1
yt_dlp\extractor\mediasite.py,357,6.75,16,8,210,11,7,1790,1
yt_dlp\extractor\mediastream.py,199,5.43,8,7,330,7,4,1199,1
yt_dlp\extractor\mediaworksnz.py,90,5.33,8,3,117,3,3,1295,0
yt_dlp\extractor\medici.py,144,4.5,5,2,185,2,2,1440,1
yt_dlp\extractor\megaphone.py,39,2.5,3,2,21,4,2,1440,1
yt_dlp\extractor\megatvcom.py,154,5.71,11,7,212,6,4,1525,0
yt_dlp\extractor\meipai.py,84,4.5,5,2,11,3,2,1440,0
yt_dlp\extractor\melonvod.py,56,5.5,6,2,8,3,2,1440,0
yt_dlp\extractor\metacritic.py,53,4.5,5,2,11,4,2,1675,0
yt_dlp\extractor\mgtv.py,155,10.0,11,3,149,9,5,1472,1
yt_dlp\extractor\microsoftembed.py,317,4.41,11,17,390,7,6,1264,0
yt_dlp\extractor\microsoftstream.py,108,7.0,10,4,141,6,4,1611,0
yt_dlp\extractor\minds.py,169,5.89,17,9,24,7,3,1520,0
yt_dlp\extractor\minoto.py,41,6.5,7,2,14,6,2,1675,1
yt_dlp\extractor\mir24tv.py,31,2.5,3,2,37,1,1,254,0
yt_dlp\extractor\mirrativ.py,99,4.0,6,7,228,6,4,1684,0
yt_dlp\extractor\mirrorcouk.py,94,1.5,2,2,98,1,1,1372,0
yt_dlp\extractor\mit.py,113,3.0,4,4,18,5,4,1675,0
yt_dlp\extractor\mixch.py,155,2.86,5,7,287,11,7,1583,1
yt_dlp\extractor\mixcloud.py,328,4.23,13,13,177,12,6,1799,1
yt_dlp\extractor\mixlr.py,122,4.5,8,4,134,1,1,251,0
yt_dlp\extractor\mlb.py,481,3.71,12,21,790,17,6,1825,1
yt_dlp\extractor\mlssoccer.py,111,1.5,2,2,193,5,3,1605,0
yt_dlp\extractor\mocha.py,59,5.5,6,2,74,4,4,1349,0
yt_dlp\extractor\mojevideo.py,108,4.5,5,2,123,2,2,540,0
yt_dlp\extractor\mojvideo.py,44,2.5,3,2,16,4,2,1675,0
yt_dlp\extractor\monstercat.py,65,4.0,5,3,128,6,3,910,0
yt_dlp\extractor\motherless.py,256,2.79,10,14,373,9,6,1664,1
yt_dlp\extractor\motorsport.py,43,2.5,3,2,24,4,2,1440,0
yt_dlp\extractor\moviepilot.py,90,1.5,2,2,183,6,4,1444,1
yt_dlp\extractor\moview.py,36,1.5,2,2,49,2,2,1314,0
yt_dlp\extractor\moviezine.py,31,1.5,2,2,11,4,2,1675,0
yt_dlp\extractor\movingimage.py,42,1.5,2,2,6,3,3,1440,0
yt_dlp\extractor\msn.py,203,13.5,14,2,328,7,4,1675,0
yt_dlp\extractor\mtv.py,233,4.88,10,8,1249,22,6,1845,1
yt_dlp\extractor\muenchentv.py,61,5.5,6,2,15,5,2,1557,0
yt_dlp\extractor\murrtube.py,144,2.12,3,8,309,6,4,1495,1
yt_dlp\extractor\museai.py,104,4.0,5,3,112,1,1,975,0
yt_dlp\extractor\musescore.py,66,2.0,3,3,122,5,3,1652,1
yt_dlp\extractor\musicdex.py,151,5.5,9,12,250,5,3,1517,1
yt_dlp\extractor\mux.py,80,4.0,5,3,92,1,1,133,0
yt_dlp\extractor\mx3.py,158,2.0,4,6,181,2,2,790,0
yt_dlp\extractor\mxplayer.py,229,4.6,6,5,708,11,7,1934,1
yt_dlp\extractor\myspace.py,180,5.5,8,4,35,6,3,1675,0
yt_dlp\extractor\myspass.py,85,3.5,4,2,69,3,3,1511,1
yt_dlp\extractor\myvideoge.py,67,10.5,11,2,73,3,1,1440,1
yt_dlp\extractor\myvidster.py,22,1.5,2,2,4,2,1,1440,1
yt_dlp\extractor\mzaalo.py,85,5.5,6,2,103,3,3,1027,0
yt_dlp\extractor\n1.py,188,7.5,14,4,336,11,4,1636,1
yt_dlp\extractor\nascar.py,56,1.5,2,2,60,1,1,138,0
yt_dlp\extractor\nate.py,109,4.2,6,5,152,4,3,1558,0
yt_dlp\extractor\nationalgeographic.py,75,1.33,2,3,9,4,3,1440,0
yt_dlp\extractor\naver.py,388,4.71,10,14,490,15,7,1603,1
yt_dlp\extractor\nba.py,375,3.48,15,23,69,10,5,1769,1
yt_dlp\extractor\nbc.py,1010,5.83,21,24,1667,30,14,1826,1
yt_dlp\extractor\ndr.py,429,7.6,23,10,446,9,4,1675,0
yt_dlp\extractor\ndtv.py,91,4.5,5,2,44,4,2,1440,0
yt_dlp\extractor\nebula.py,500,3.96,8,23,2151,23,12,1807,1
yt_dlp\extractor\nekohacker.py,205,6.5,7,2,284,4,2,1027,1
yt_dlp\extractor\nerdcubed.py,33,1.33,2,3,48,2,2,1440,0
yt_dlp\extractor\nest.py,108,3.0,5,4,117,1,1,425,0
yt_dlp\extractor\netapp.py,64,1.71,3,7,79,1,1,121,0
yt_dlp\extractor\neteasemusic.py,608,3.5,8,22,1092,18,9,1769,1
yt_dlp\extractor\netverse.py,251,4.0,8,10,395,6,3,1371,0
yt_dlp\extractor\netzkino.py,55,2.5,3,2,118,6,3,1675,0
yt_dlp\extractor\newgrounds.py,283,4.38,11,8,412,11,5,1690,1
yt_dlp\extractor\newspicks.py,70,3.5,4,2,161,7,4,1298,1
yt_dlp\extractor\newsy.py,42,2.5,3,2,59,4,3,1520,0
yt_dlp\extractor\nexx.py,440,6.55,18,11,268,10,4,1675,1
yt_dlp\extractor\nfb.py,273,2.88,5,8,381,5,3,1506,1
yt_dlp\extractor\nfhsnetwork.py,119,12.5,13,2,211,5,4,1807,0
yt_dlp\extractor\nfl.py,354,2.87,7,15,562,9,3,1557,1
yt_dlp\extractor\nhk.py,792,4.29,13,31,1784,23,7,1675,1
yt_dlp\extractor\nhl.py,112,10.0,15,3,21,6,4,1675,0
yt_dlp\extractor\nick.py,46,1.0,1,1,367,8,5,1885,1
yt_dlp\extractor\niconico.py,958,4.82,27,38,3283,55,17,1830,1
yt_dlp\extractor\niconicochannelplus.py,369,2.8,8,15,430,2,2,909,0
yt_dlp\extractor\ninaprotocol.py,218,3.5,4,2,235,2,2,780,0
yt_dlp\extractor\ninecninemedia.py,115,7.0,13,4,67,9,3,1844,1
yt_dlp\extractor\ninegag.py,136,17.5,18,2,59,5,4,1440,0
yt_dlp\extractor\ninenews.py,67,3.5,4,2,78,3,3,792,0
yt_dlp\extractor\ninenow.py,131,3.5,4,2,286,9,5,1769,1
yt_dlp\extractor\nintendo.py,117,5.33,9,3,149,3,3,1440,1
yt_dlp\extractor\nitter.py,331,11.5,12,2,556,9,7,1811,1
yt_dlp\extractor\nobelprize.py,53,2.5,3,2,93,6,4,1440,1
yt_dlp\extractor\noice.py,109,5.33,7,3,122,2,2,1199,0
yt_dlp\extractor\nonktube.py,30,1.5,2,2,4,2,2,1440,0
yt_dlp\extractor\noodlemagazine.py,67,4.5,5,2,154,7,6,1530,1
yt_dlp\extractor\nosnl.py,105,5.33,6,3,135,3,2,1259,0
yt_dlp\extractor\nova.py,275,11.5,12,4,190,11,4,1675,1
yt_dlp\extractor\novaplay.py,62,2.5,3,2,131,9,4,1623,1
yt_dlp\extractor\nowcanal.py,31,1.5,2,2,37,1,1,126,0
yt_dlp\extractor\nowness.py,126,4.0,10,9,20,4,4,1440,0
yt_dlp\extractor\noz.py,76,7.5,8,2,27,7,3,1439,0
yt_dlp\extractor\npo.py,545,3.7,25,20,377,10,3,1799,1
yt_dlp\extractor\npr.py,120,15.5,16,2,44,6,4,1549,0
yt_dlp\extractor\nrk.py,797,5.41,39,34,202,15,7,1732,1
yt_dlp\extractor\nrl.py,23,1.5,2,2,5,3,2,1596,0
yt_dlp\extractor\nts.py,69,1.5,2,2,76,1,1,667,0
yt_dlp\extractor\ntvcojp.py,77,2.5,3,2,139,3,3,1564,1
yt_dlp\extractor\ntvde.py,74,4.5,5,2,80,3,2,1440,1
yt_dlp\extractor\ntvru.py,166,5.5,6,2,198,7,3,1440,1
yt_dlp\extractor\nubilesporn.py,89,3.0,4,3,118,4,3,1111,0
yt_dlp\extractor\nuevo.py,27,3.5,4,2,11,3,3,1440,0
yt_dlp\extractor\nuum.py,178,2.18,4,11,205,2,1,775,1
yt_dlp\extractor\nuvid.py,87,8.5,9,2,148,6,4,1644,1
yt_dlp\extractor\nytimes.py,394,3.5,11,14,516,10,5,1801,1
yt_dlp\extractor\nzherald.py,105,5.33,8,3,175,5,5,1656,0
yt_dlp\extractor\nzonscreen.py,87,3.33,4,3,99,4,3,1132,0
yt_dlp\extractor\nzz.py,26,2.33,3,3,25,2,2,1440,1
yt_dlp\extractor\odkmedia.py,96,9.5,10,2,117,4,4,1128,0
yt_dlp\extractor\odnoklassniki.py,395,8.33,32,6,347,17,8,1799,1
yt_dlp\extractor\oftv.py,46,1.5,2,4,66,3,3,1232,0
yt_dlp\extractor\oktoberfesttv.py,37,1.5,2,2,9,3,2,1557,0
yt_dlp\extractor\olympics.py,137,4.0,7,5,283,11,6,1656,1
yt_dlp\extractor\on24.py,86,6.5,7,2,126,5,4,1615,0
yt_dlp\extractor\ondemandkorea.py,149,4.2,8,5,267,7,3,1552,1
yt_dlp\extractor\onefootball.py,46,1.5,2,2,109,6,3,1584,1
yt_dlp\extractor\onenewsnz.py,97,9.5,10,2,131,4,4,1264,0
yt_dlp\extractor\oneplace.py,39,1.5,2,2,47,2,2,1197,0
yt_dlp\extractor\onet.py,217,3.92,17,12,25,7,3,1769,1
yt_dlp\extractor\onionstudios.py,36,1.5,2,2,16,3,2,1440,0
yt_dlp\extractor\onsen.py,137,4.5,10,4,151,1,1,190,0
yt_dlp\extractor\opencast.py,166,5.71,17,7,240,8,6,1548,1
yt_dlp\extractor\openload.py,207,4.1,10,10,164,17,5,1613,1
yt_dlp\extractor\openrec.py,129,2.4,4,10,367,12,8,1690,1
yt_dlp\extractor\ora.py,65,3.5,4,2,13,4,3,1440,0
yt_dlp\extractor\orf.py,499,4.54,8,13,1054,20,6,1766,1
yt_dlp\extractor\outsidetv.py,22,1.5,2,2,5,2,2,1440,0
yt_dlp\extractor\owncloud.py,69,3.33,4,3,82,2,2,1027,0
yt_dlp\extractor\packtpub.py,119,4.71,8,7,35,6,4,1675,0
yt_dlp\extractor\palcomp3.py,122,1.83,3,12,170,5,2,1812,0
yt_dlp\extractor\pandatv.py,77,10.5,11,2,83,1,1,79,0
yt_dlp\extractor\panopto.py,542,4.26,8,19,1156,13,5,1473,1
yt_dlp\extractor\parler.py,85,3.5,4,2,219,6,4,1315,0
yt_dlp\extractor\parlview.py,56,1.5,2,2,161,6,4,1766,0
yt_dlp\extractor\parti.py,81,1.83,3,6,137,2,2,350,1
yt_dlp\extractor\patreon.py,660,11.0,35,10,1143,33,13,1759,1
yt_dlp\extractor\pbs.py,726,11.0,37,7,226,14,9,1675,1
yt_dlp\extractor\pearvideo.py,59,7.5,8,2,19,5,4,1440,0
yt_dlp\extractor\peekvids.py,170,6.75,13,4,332,8,5,1495,1
yt_dlp\extractor\peertube.py,1698,4.91,20,11,2069,19,9,1850,1
yt_dlp\extractor\peertv.py,42,1.5,2,2,64,4,3,1584,0
yt_dlp\extractor\peloton.py,198,5.86,12,7,283,8,5,1665,0
yt_dlp\extractor\performgroup.py,65,3.33,5,3,21,5,3,1675,0
yt_dlp\extractor\periscope.py,156,5.0,10,10,51,9,5,1718,0
yt_dlp\extractor\pgatour.py,41,3.5,4,2,47,1,1,1094,0
yt_dlp\extractor\philharmoniedeparis.py,90,4.5,5,2,54,6,3,1799,1
yt_dlp\extractor\phoenix.py,83,7.5,8,2,286,5,3,1845,1
yt_dlp\extractor\photobucket.py,36,1.5,2,2,11,3,2,1675,0
yt_dlp\extractor\pialive.py,111,3.25,5,4,122,1,1,488,0
yt_dlp\extractor\piapro.py,103,4.0,5,3,206,9,6,1492,1
yt_dlp\extractor\picarto.py,149,4.6,9,5,219,10,5,1815,1
yt_dlp\extractor\piksel.py,158,8.0,10,3,72,10,4,1675,1
yt_dlp\extractor\pinkbike.py,81,3.5,4,2,12,3,2,1440,0
yt_dlp\extractor\pinterest.py,240,5.75,15,8,208,8,4,1832,1
yt_dlp\extractor\piramidetv.py,90,2.29,4,7,99,1,1,425,0
yt_dlp\extractor\planetmarathi.py,69,3.5,4,2,98,6,3,1602,1
yt_dlp\extractor\platzi.py,178,6.29,9,7,39,6,4,1463,0
yt_dlp\extractor\playerfm.py,66,1.5,2,2,70,1,1,246,0
yt_dlp\extractor\playplustv.py,88,3.6,7,5,33,5,2,1675,0
yt_dlp\extractor\playsuisse.py,270,3.6,5,5,472,7,5,1392,1
yt_dlp\extractor\playtvak.py,163,14.5,15,2,32,5,3,1557,0
yt_dlp\extractor\playwire.py,68,4.5,5,2,26,6,3,1675,0
yt_dlp\extractor\pluralsight.py,407,7.7,25,10,95,8,3,1799,1
yt_dlp\extractor\plutotv.py,179,8.25,12,4,314,12,4,1837,1
yt_dlp\extractor\plvideo.py,124,5.5,6,2,136,2,2,434,0
yt_dlp\extractor\plyr.py,96,8.5,9,2,104,1,1,239,0
yt_dlp\extractor\podbayfm.py,75,1.71,3,7,116,2,2,1258,1
yt_dlp\extractor\podchaser.py,103,2.6,4,5,174,4,3,1406,1
yt_dlp\extractor\podomatic.py,65,3.5,4,2,17,4,2,1675,0
yt_dlp\extractor\pokergo.py,93,3.62,6,8,155,5,4,1527,0
yt_dlp\extractor\polsatgo.py,78,3.25,5,4,106,6,4,1610,0
yt_dlp\extractor\polskieradio.py,530,4.42,13,24,815,10,7,1638,1
yt_dlp\extractor\popcorntimes.py,77,9.5,10,2,19,4,2,1675,0
yt_dlp\extractor\popcorntv.py,63,2.5,3,2,8,3,2,1675,0
yt_dlp\extractor\pornbox.py,100,5.5,6,2,131,4,3,914,0
yt_dlp\extractor\pornflip.py,69,1.5,2,2,95,6,4,1705,0
yt_dlp\extractor\pornhub.py,700,5.35,34,23,387,25,13,1832,1
yt_dlp\extractor\pornotube.py,70,8.5,9,2,13,2,2,1440,0
yt_dlp\extractor\pornovoisines.py,89,9.5,10,2,17,6,3,1675,0
yt_dlp\extractor\pornoxo.py,46,2.5,3,2,9,4,2,1675,0
yt_dlp\extractor\pr0gramm.py,181,4.0,8,6,445,11,4,1128,1
yt_dlp\extractor\prankcast.py,156,2.5,4,4,250,7,3,1264,1
yt_dlp\extractor\premiershiprugby.py,34,1.5,2,2,41,2,2,1365,0
yt_dlp\extractor\presstv.py,53,3.5,4,2,17,3,2,1675,0
yt_dlp\extractor\projectveritas.py,49,2.5,3,2,72,6,4,1669,0
yt_dlp\extractor\prosiebensat1.py,458,12.67,30,6,42,7,3,1769,1
yt_dlp\extractor\prx.py,387,2.27,6,26,513,4,4,1520,0
yt_dlp\extractor\puhutv.py,202,18.2,38,5,113,6,5,1440,1
yt_dlp\extractor\puls4.py,47,1.5,2,2,13,3,2,1440,0
yt_dlp\extractor\pyvideo.py,60,9.5,10,2,11,3,2,1675,0
yt_dlp\extractor\qdance.py,152,3.5,5,6,175,3,2,1000,0
yt_dlp\extractor\qingting.py,43,1.5,2,2,52,3,3,1230,0
yt_dlp\extractor\qqmusic.py,438,2.71,13,24,600,7,5,1440,1
yt_dlp\extractor\r7.py,95,3.0,5,5,14,4,2,1440,0
yt_dlp\extractor\radiko.py,219,3.55,12,11,455,15,10,1669,1
yt_dlp\extractor\radiocanada.py,145,5.33,12,6,24,6,4,1675,0
yt_dlp\extractor\radiocomercial.py,142,4.6,8,5,180,4,3,861,1
yt_dlp\extractor\radiode.py,44,5.5,6,2,10,5,2,1557,0
yt_dlp\extractor\radiofrance.py,420,2.47,6,19,456,12,6,1675,1
yt_dlp\extractor\radiojavan.py,70,2.5,3,2,6,4,2,1440,0
yt_dlp\extractor\radiokapital.py,77,1.78,4,9,119,4,3,1602,0
yt_dlp\extractor\radioradicale.py,94,4.0,5,3,105,1,1,490,0
yt_dlp\extractor\radiozet.py,45,1.33,2,3,56,4,4,1578,0
yt_dlp\extractor\radlive.py,150,3.12,5,8,214,8,4,1648,1
yt_dlp\extractor\rai.py,747,7.57,15,23,1507,29,8,1840,1
yt_dlp\extractor\raywenderlich.py,153,6.33,11,6,20,3,2,1675,0
yt_dlp\extractor\rbgtum.py,123,3.83,6,6,190,5,4,1128,1
yt_dlp\extractor\rcs.py,337,5.4,17,10,543,11,6,1832,1
yt_dlp\extractor\rcti.py,345,6.92,24,13,617,14,6,1723,1
yt_dlp\extractor\rds.py,59,6.5,7,2,33,5,3,1844,0
yt_dlp\extractor\redbee.py,326,6.8,29,10,444,6,3,1321,1
yt_dlp\extractor\redbulltv.py,196,4.33,10,9,48,9,5,1766,0
yt_dlp\extractor\reddit.py,414,9.2,28,5,557,27,12,1675,1
yt_dlp\extractor\redge.py,119,8.5,9,2,142,3,2,790,0
yt_dlp\extractor\redgifs.py,254,3.38,8,13,476,15,11,1575,1
yt_dlp\extractor\redtube.py,131,24.5,25,2,66,10,5,1658,1
yt_dlp\extractor\rentv.py,94,4.0,5,4,13,4,2,1440,0
yt_dlp\extractor\restudy.py,33,1.5,2,2,9,4,2,1440,0
yt_dlp\extractor\reuters.py,58,6.5,7,2,15,5,3,1440,0
yt_dlp\extractor\reverbnation.py,45,3.5,4,2,10,3,3,1440,0
yt_dlp\extractor\rheinmaintv.py,87,10.5,11,2,94,1,1,1003,0
yt_dlp\extractor\ridehome.py,92,2.5,3,2,100,2,2,745,0
yt_dlp\extractor\rinsefm.py,82,2.29,4,7,164,4,4,825,1
yt_dlp\extractor\rmcdecouverte.py,62,3.5,4,2,48,8,3,1785,1
yt_dlp\extractor\rockstargames.py,57,6.5,7,2,16,5,2,1440,1
yt_dlp\extractor\rokfin.py,407,4.71,15,21,545,17,7,1480,1
yt_dlp\extractor\roosterteeth.py,321,6.44,11,9,480,13,8,1801,1
yt_dlp\extractor\rottentomatoes.py,73,4.0,5,3,86,3,3,1440,1
yt_dlp\extractor\roya.py,37,1.5,2,2,47,2,1,352,0
yt_dlp\extractor\rozhlas.py,328,3.67,10,12,435,7,6,1440,1
yt_dlp\extractor\rte.py,134,10.75,21,4,15,5,4,1440,0
yt_dlp\extractor\rtl2.py,82,5.5,6,2,128,6,2,1675,0
yt_dlp\extractor\rtlnl.py,249,2.2,5,10,184,5,3,1440,0
yt_dlp\extractor\rtnews.py,174,3.4,8,10,262,3,3,1522,0
yt_dlp\extractor\rtp.py,179,2.5,5,8,354,6,5,1711,1
yt_dlp\extractor\rtrfm.py,60,2.5,3,2,73,3,3,1583,0
yt_dlp\extractor\rts.py,203,33.5,34,2,39,8,3,1845,0
yt_dlp\extractor\rtvcplay.py,251,3.78,9,9,298,3,3,1062,0
yt_dlp\extractor\rtve.py,389,2.68,6,19,864,13,4,1832,0
yt_dlp\extractor\rtvs.py,77,3.5,4,2,100,6,5,1492,1
yt_dlp\extractor\rtvslo.py,174,10.5,20,4,381,8,6,1343,1
yt_dlp\extractor\rudovideo.py,126,11.5,12,2,135,1,1,820,0
yt_dlp\extractor\rule34video.py,115,7.5,8,2,181,9,5,1530,1
yt_dlp\extractor\rumble.py,387,8.88,32,8,605,23,13,1635,1
yt_dlp\extractor\rutube.py,421,2.5,9,24,427,17,10,1671,1
yt_dlp\extractor\ruutu.py,239,8.0,9,3,285,11,5,1799,1
yt_dlp\extractor\ruv.py,165,7.0,10,4,99,3,3,1497,0
yt_dlp\extractor\s4c.py,94,3.0,4,4,140,5,3,963,1
yt_dlp\extractor\safari.py,211,5.0,9,9,61,8,5,1675,1
yt_dlp\extractor\saitosan.py,64,4.5,5,2,91,4,3,1756,0
yt_dlp\extractor\samplefocus.py,92,8.5,9,2,123,4,2,1850,1
yt_dlp\extractor\sapo.py,103,4.5,5,2,9,4,2,1675,0
yt_dlp\extractor\sauceplus.py,52,2.0,3,3,59,2,2,264,0
yt_dlp\extractor\sbs.py,150,11.5,12,2,170,11,6,1815,1
yt_dlp\extractor\sbscokr.py,179,3.43,9,7,204,2,1,861,0
yt_dlp\extractor\screen9.py,58,1.5,2,2,64,2,2,1259,0
yt_dlp\extractor\screencast.py,104,12.5,13,2,31,3,2,1440,0
yt_dlp\extractor\screencastify.py,64,4.5,5,2,72,2,2,1215,0
yt_dlp\extractor\screencastomatic.py,63,6.5,7,2,77,4,3,1812,0
yt_dlp\extractor\screenrec.py,28,2.5,3,2,33,1,1,554,0
yt_dlp\extractor\scrippsnetworks.py,140,1.5,2,4,31,7,4,1675,0
yt_dlp\extractor\scrolller.py,93,6.5,7,2,120,3,3,1362,0
yt_dlp\extractor\sejmpl.py,193,6.0,11,4,232,2,2,790,0
yt_dlp\extractor\sen.py,31,2.5,3,2,36,1,1,553,0
yt_dlp\extractor\senalcolombia.py,26,1.5,2,2,32,2,2,1062,0
yt_dlp\extractor\senategov.py,228,4.0,6,4,504,9,4,1575,1
yt_dlp\extractor\sendtonews.py,88,5.0,7,3,28,7,4,1553,1
yt_dlp\extractor\servus.py,126,4.25,6,4,204,5,3,1440,1
yt_dlp\extractor\sevenplus.py,116,11.33,13,3,75,8,5,1675,1
yt_dlp\extractor\sexu.py,50,4.5,5,2,6,4,2,1440,0
yt_dlp\extractor\seznamzpravy.py,125,4.17,8,6,34,6,3,1671,0
yt_dlp\extractor\shahid.py,184,4.5,8,8,74,11,4,1832,1
yt_dlp\extractor\sharepoint.py,102,7.5,8,2,112,1,1,730,0
yt_dlp\extractor\sharevideos.py,4,1.0,1,1,6,1,1,1328,0
yt_dlp\extractor\shemaroome.py,91,4.5,5,2,185,10,6,1763,1
yt_dlp\extractor\shiey.py,28,1.5,2,2,34,1,1,231,0
yt_dlp\extractor\showroomlive.py,68,12.5,13,2,15,4,2,1557,0
yt_dlp\extractor\sibnet.py,14,1.0,1,1,21,2,2,1199,0
yt_dlp\extractor\simplecast.py,155,2.3,8,10,61,5,3,1675,0
yt_dlp\extractor\sina.py,98,9.5,10,2,31,7,4,1749,1
yt_dlp\extractor\skeb.py,124,5.33,9,3,380,6,4,1563,1
yt_dlp\extractor\sky.py,115,2.33,4,9,66,4,3,1606,0
yt_dlp\extractor\skyit.py,286,2.0,7,18,230,9,4,1557,1
yt_dlp\extractor\skylinewebcams.py,33,1.5,2,2,8,4,2,1557,0
yt_dlp\extractor\skynewsarabia.py,101,2.33,6,9,18,4,3,1440,0
yt_dlp\extractor\skynewsau.py,38,1.5,2,2,63,4,3,1615,0
yt_dlp\extractor\slideshare.py,44,4.5,5,2,13,3,2,1675,0
yt_dlp\extractor\slideslive.py,487,8.0,23,6,825,14,5,1596,1
yt_dlp\extractor\slutload.py,55,3.5,4,2,14,2,2,1440,0
yt_dlp\extractor\smotrim.py,366,3.64,8,11,487,2,2,1274,0
yt_dlp\extractor\snapchat.py,71,3.5,4,2,80,2,1,541,0
yt_dlp\extractor\snotr.py,58,1.5,2,2,9,3,2,1675,0
yt_dlp\extractor\softwhiteunderbelly.py,80,3.33,5,3,87,1,1,391,0
yt_dlp\extractor\sohu.py,257,9.5,17,4,169,6,4,1675,1
yt_dlp\extractor\sonyliv.py,231,5.33,8,9,284,16,6,1780,1
yt_dlp\extractor\soundcloud.py,1040,5.81,59,37,2186,53,11,1800,1
yt_dlp\extractor\soundgasm.py,58,2.0,3,4,9,3,2,1675,0
yt_dlp\extractor\southpark.py,336,1.0,1,7,483,8,6,1832,1
yt_dlp\extractor\sovietscloset.py,167,5.29,13,7,307,11,6,1659,1
yt_dlp\extractor\spankbang.py,172,7.0,11,4,74,10,7,1675,1
yt_dlp\extractor\spiegel.py,48,1.5,2,2,9,3,2,1487,1
yt_dlp\extractor\sport5.py,74,7.5,8,2,14,4,2,1675,0
yt_dlp\extractor\sportbox.py,87,5.5,6,2,25,4,2,1440,0
yt_dlp\extractor\sportdeutschland.py,152,3.0,4,3,662,13,6,1832,1
yt_dlp\extractor\spreaker.py,164,3.83,8,6,139,4,4,1440,0
yt_dlp\extractor\springboardplatform.py,107,4.5,5,2,39,7,4,1675,0
yt_dlp\extractor\sproutvideo.py,181,5.83,8,6,236,7,1,643,1
yt_dlp\extractor\srgssr.py,222,7.17,16,6,254,7,3,1845,0
yt_dlp\extractor\srmediathek.py,95,2.5,3,2,109,4,3,1440,0
yt_dlp\extractor\stacommu.py,217,2.07,4,15,331,5,2,994,1
yt_dlp\extractor\stageplus.py,477,3.25,4,4,541,4,2,1069,1
yt_dlp\extractor\stanfordoc.py,77,7.5,8,2,22,3,2,1675,0
yt_dlp\extractor\startrek.py,70,2.5,3,2,190,5,4,1347,1
yt_dlp\extractor\startv.py,90,4.5,5,2,141,4,4,1664,0
yt_dlp\extractor\steam.py,191,2.86,5,7,557,13,6,1799,1
yt_dlp\extractor\stitcher.py,125,2.8,6,10,130,4,4,1831,0
yt_dlp\extractor\storyfire.py,115,2.0,3,11,36,6,4,1520,0
yt_dlp\extractor\streaks.py,224,12.5,24,4,258,3,2,361,0
yt_dlp\extractor\streamable.py,86,5.5,6,2,35,6,4,1626,0
yt_dlp\extractor\streamcz.py,112,7.0,8,3,195,6,4,1530,1
yt_dlp\extractor\streetvoice.py,91,8.5,9,2,11,2,2,1440,0
yt_dlp\extractor\stretchinternet.py,26,1.5,2,2,25,3,2,1845,0
yt_dlp\extractor\stripchat.py,53,6.5,7,2,167,13,9,1584,1
yt_dlp\extractor\stv.py,76,15.5,16,2,27,7,3,1675,0
yt_dlp\extractor\subsplash.py,184,3.0,6,8,199,1,1,420,0
yt_dlp\extractor\substack.py,142,4.0,5,4,194,10,6,1372,1
yt_dlp\extractor\sunporno.py,65,2.5,3,2,14,5,3,1447,0
yt_dlp\extractor\sverigesradio.py,138,4.75,9,4,68,4,3,1440,0
yt_dlp\extractor\svt.py,426,6.67,16,12,437,17,7,1825,1
yt_dlp\extractor\swearnet.py,39,4.5,5,2,157,5,4,1230,1
yt_dlp\extractor\syvdk.py,28,1.5,2,2,37,2,2,1350,0
yt_dlp\extractor\sztvhu.py,33,1.5,2,2,3,1,1,1440,0
yt_dlp\extractor\tagesschau.py,151,13.5,14,2,351,7,4,1675,1
yt_dlp\extractor\taptap.py,253,1.56,3,9,305,3,2,667,0
yt_dlp\extractor\tarangplus.py,223,2.0,3,10,252,3,2,78,0
yt_dlp\extractor\tass.py,50,5.5,6,2,5,3,2,1440,0
yt_dlp\extractor\tbs.py,152,15.5,16,2,158,8,6,1729,1
yt_dlp\extractor\tbsjp.py,137,1.75,3,8,303,4,3,950,1
yt_dlp\extractor\teachable.py,245,5.5,12,10,69,9,4,1675,0
yt_dlp\extractor\teachertube.py,101,5.0,7,4,23,6,3,1675,0
yt_dlp\extractor\teachingchannel.py,27,1.5,2,2,3,2,2,1440,0
yt_dlp\extractor\teamcoco.py,252,5.5,10,6,348,6,4,1440,1
yt_dlp\extractor\teamtreehouse.py,120,6.0,9,3,12,3,2,1463,0
yt_dlp\extractor\ted.py,223,10.1,34,10,568,7,5,1754,0
yt_dlp\extractor\tele13.py,77,6.5,7,2,10,5,4,1440,0
yt_dlp\extractor\tele5.py,72,2.0,3,3,294,7,3,1671,1
yt_dlp\extractor\telebruxelles.py,61,4.5,5,2,6,3,1,1557,0
yt_dlp\extractor\telecaribe.py,79,2.25,3,4,101,3,3,1113,0
yt_dlp\extractor\telecinco.py,162,8.5,10,4,231,10,5,1440,1
yt_dlp\extractor\telegraaf.py,78,9.5,10,2,17,4,3,1440,0
yt_dlp\extractor\telegram.py,124,8.5,9,2,202,5,4,1478,1
yt_dlp\extractor\telemb.py,66,3.5,4,2,13,5,2,1675,0
yt_dlp\extractor\telemundo.py,46,1.5,2,2,82,8,4,1764,0
yt_dlp\extractor\telequebec.py,209,2.31,6,13,24,4,2,1596,0
yt_dlp\extractor\teletask.py,45,2.5,3,2,11,3,2,1440,0
yt_dlp\extractor\telewebion.py,122,4.25,8,4,179,6,3,1440,0
yt_dlp\extractor\tempo.py,100,3.0,5,5,192,4,3,1333,0
yt_dlp\extractor\tencent.py,421,2.96,6,27,631,10,7,1297,1
yt_dlp\extractor\tennistv.py,136,3.67,7,6,214,9,4,1850,1
yt_dlp\extractor\tenplay.py,302,5.18,12,11,644,20,9,1767,1
yt_dlp\extractor\testurl.py,40,18.5,19,2,76,9,4,1675,1
yt_dlp\extractor\tf1.py,92,8.5,9,2,153,6,3,1850,1
yt_dlp\extractor\tfo.py,44,3.5,4,2,16,4,4,1440,0
yt_dlp\extractor\thechosen.py,109,4.0,6,3,118,1,1,26,0
yt_dlp\extractor\theguardian.py,122,3.4,4,5,170,4,3,854,0
yt_dlp\extractor\thehighwire.py,38,1.5,2,2,43,1,1,250,0
yt_dlp\extractor\theholetv.py,30,1.5,2,2,43,3,3,1349,0
yt_dlp\extractor\theintercept.py,40,3.5,4,2,14,3,3,1440,0
yt_dlp\extractor\theplatform.py,347,5.92,17,12,273,15,7,1675,1
yt_dlp\extractor\thestar.py,29,1.5,2,2,5,2,2,1440,0
yt_dlp\extractor\thesun.py,36,2.5,3,2,15,2,2,1440,0
yt_dlp\extractor\theweatherchannel.py,92,13.5,14,2,37,6,3,1675,0
yt_dlp\extractor\thisamericanlife.py,33,1.5,2,2,6,2,2,1440,0
yt_dlp\extractor\thisoldhouse.py,115,6.33,7,3,219,7,4,1523,1
yt_dlp\extractor\thisvid.py,189,5.55,11,11,329,4,3,1696,0
yt_dlp\extractor\threeqsdn.py,134,14.0,25,3,70,10,5,1797,0
yt_dlp\extractor\threespeak.py,83,4.5,6,4,133,5,3,1607,0
yt_dlp\extractor\tiktok.py,1538,6.02,25,45,4047,88,18,1822,1
yt_dlp\extractor\tmz.py,184,9.5,10,2,334,4,4,1440,0
yt_dlp\extractor\tnaflix.py,282,6.78,25,9,284,9,4,1675,1
yt_dlp\extractor\toggle.py,186,12.0,23,4,67,7,3,1799,1
yt_dlp\extractor\toggo.py,73,8.5,9,2,88,4,4,1561,1
yt_dlp\extractor\tonline.py,47,6.5,7,2,18,4,2,1596,0
yt_dlp\extractor\toongoggles.py,70,2.0,3,4,9,3,2,1675,0
yt_dlp\extractor\toutiao.py,110,3.0,4,3,121,1,1,301,0
yt_dlp\extractor\toutv.py,77,4.0,5,3,22,6,3,1769,1
yt_dlp\extractor\toypics.py,75,2.5,4,4,16,4,3,1440,0
yt_dlp\extractor\traileraddict.py,50,3.5,4,2,11,4,2,1675,0
yt_dlp\extractor\triller.py,289,4.17,8,12,669,8,4,1297,1
yt_dlp\extractor\trovo.py,306,4.46,9,13,541,16,8,1843,1
yt_dlp\extractor\trtcocuk.py,43,2.5,3,2,54,2,2,1180,0
yt_dlp\extractor\trtworld.py,95,5.5,6,2,111,2,2,792,0
yt_dlp\extractor\trueid.py,128,13.5,14,2,158,5,5,1567,0
yt_dlp\extractor\trunews.py,28,1.5,2,2,2,1,1,1440,0
yt_dlp\extractor\truth.py,66,2.5,3,2,73,3,3,1315,1
yt_dlp\extractor\tube8.py,148,8.33,12,3,116,5,2,1440,0
yt_dlp\extractor\tubetugraz.py,229,4.33,13,9,361,9,7,1345,0
yt_dlp\extractor\tubitv.py,185,4.83,10,6,316,17,12,1802,1
yt_dlp\extractor\tumblr.py,531,16.25,40,4,873,12,8,1675,1
yt_dlp\extractor\tunein.py,304,2.07,4,15,690,9,5,1557,1
yt_dlp\extractor\turner.py,219,14.2,36,5,61,10,7,1729,1
yt_dlp\extractor\tv2.py,291,14.5,27,8,226,13,6,1799,1
yt_dlp\extractor\tv24ua.py,71,6.5,7,2,224,6,4,1264,0
yt_dlp\extractor\tv2dk.py,152,5.5,9,4,116,6,2,1780,1
yt_dlp\extractor\tv2hu.py,91,4.0,5,4,159,6,4,1665,1
yt_dlp\extractor\tv4.py,134,3.0,4,3,115,6,4,1799,1
yt_dlp\extractor\tv5mondeplus.py,159,4.33,5,3,307,8,5,1674,1
yt_dlp\extractor\tv5unis.py,147,3.5,7,6,151,5,4,1675,1
yt_dlp\extractor\tva.py,71,1.5,2,2,122,4,4,1440,1
yt_dlp\extractor\tvanouvelles.py,50,2.0,3,5,9,3,3,1440,0
yt_dlp\extractor\tvc.py,99,2.5,4,4,38,5,3,1440,0
yt_dlp\extractor\tver.py,338,7.0,18,7,767,20,8,1832,1
yt_dlp\extractor\tvigle.py,120,14.5,15,2,17,5,2,1675,0
yt_dlp\extractor\tviplayer.py,70,2.33,3,3,90,4,3,1346,0
yt_dlp\extractor\tvn24.py,86,7.5,8,2,13,6,3,1440,0
yt_dlp\extractor\tvnoe.py,75,4.5,5,2,100,4,3,1440,0
yt_dlp\extractor\tvo.py,146,1.5,2,2,152,1,1,39,0
yt_dlp\extractor\tvopengr.py,119,3.0,6,7,196,6,3,1522,0
yt_dlp\extractor\tvp.py,561,6.78,25,18,878,16,7,1675,1
yt_dlp\extractor\tvplay.py,283,8.2,15,5,408,12,6,1799,1
yt_dlp\extractor\tvplayer.py,67,4.5,5,2,25,6,4,1557,0
yt_dlp\extractor\tvw.py,199,2.17,4,6,227,3,1,383,0
yt_dlp\extractor\tweakers.py,53,5.5,6,2,9,4,3,1440,0
yt_dlp\extractor\twentymin.py,80,2.5,3,2,34,5,3,1440,0
yt_dlp\extractor\twentythreevideo.py,67,4.5,5,2,10,3,2,1675,0
yt_dlp\extractor\twitcasting.py,280,7.0,21,8,558,30,12,1798,1
yt_dlp\extractor\twitch.py,1157,4.73,15,41,922,38,17,1754,1
yt_dlp\extractor\twitter.py,1613,5.38,19,29,3388,59,16,1801,1
yt_dlp\extractor\txxx.py,404,2.0,3,7,492,4,4,1142,0
yt_dlp\extractor\udemy.py,409,8.0,43,12,111,10,3,1463,1
yt_dlp\extractor\udn.py,92,9.5,10,2,34,6,4,1440,0
yt_dlp\extractor\ufctv.py,9,1.0,1,2,3,1,1,1440,0
yt_dlp\extractor\ukcolumn.py,64,3.5,4,2,83,4,3,1785,0
yt_dlp\extractor\uktvplay.py,31,1.5,2,2,12,4,2,1440,1
yt_dlp\extractor\uliza.py,102,2.5,4,4,113,1,1,488,0
yt_dlp\extractor\umg.py,48,1.5,2,2,128,6,3,1732,0
yt_dlp\extractor\unistra.py,54,3.5,4,2,13,4,2,1675,0
yt_dlp\extractor\unitednations.py,27,1.5,2,2,32,1,1,251,0
yt_dlp\extractor\unity.py,28,1.5,2,2,5,3,2,1440,0
yt_dlp\extractor\unsupported.py,262,1.43,2,7,377,22,6,1228,1
yt_dlp\extractor\uol.py,126,13.5,14,2,21,4,2,1478,0
yt_dlp\extractor\uplynk.py,77,4.17,8,6,92,6,3,1798,1
yt_dlp\extractor\urort.py,53,4.5,5,2,32,6,2,1440,0
yt_dlp\extractor\urplay.py,170,22.5,23,2,190,10,5,1845,1
yt_dlp\extractor\usanetwork.py,18,1.0,1,1,5,2,1,1440,0
yt_dlp\extractor\usatoday.py,53,4.5,5,2,12,3,3,1440,0
yt_dlp\extractor\ustream.py,235,4.71,10,7,62,9,3,1754,0
yt_dlp\extractor\ustudio.py,104,4.5,8,4,24,5,3,1675,0
yt_dlp\extractor\utreon.py,95,3.5,4,2,140,7,6,1700,0
yt_dlp\extractor\varzesh3.py,63,4.5,5,2,14,4,2,1671,0
yt_dlp\extractor\vbox7.py,102,5.5,6,2,117,5,3,1440,1
yt_dlp\extractor\veo.py,61,8.5,9,2,133,7,4,1637,1
yt_dlp\extractor\vevo.py,313,6.75,22,8,888,11,6,1675,1
yt_dlp\extractor\vgtv.py,277,6.5,17,6,45,9,3,1822,0
yt_dlp\extractor\vh1.py,48,1.0,1,1,91,4,4,1665,1
yt_dlp\extractor\vice.py,276,5.22,16,9,68,11,5,1675,0
yt_dlp\extractor\viddler.py,135,9.5,10,2,29,6,3,1675,0
yt_dlp\extractor\videa.py,188,9.0,14,3,135,12,6,1722,1
yt_dlp\extractor\videocampus_sachsen.py,252,9.0,13,5,488,9,4,1478,0
yt_dlp\extractor\videodetective.py,22,1.5,2,2,2,1,1,1440,0
yt_dlp\extractor\videofyme.py,44,1.5,2,2,9,4,2,1440,1
yt_dlp\extractor\videoken.py,307,2.72,6,18,353,3,3,1178,0
yt_dlp\extractor\videomore.py,280,5.27,19,11,50,7,2,1799,1
yt_dlp\extractor\videopress.py,94,9.5,10,2,38,5,3,1440,0
yt_dlp\extractor\vidflex.py,138,3.0,4,3,148,1,1,571,0
yt_dlp\extractor\vidio.py,273,5.55,12,11,394,16,6,1757,1
yt_dlp\extractor\vidlii.py,136,14.5,15,2,65,9,5,1583,0
yt_dlp\extractor\vidly.py,72,7.5,8,2,85,2,1,854,0
yt_dlp\extractor\vidyard.py,402,3.44,7,9,540,4,2,623,0
yt_dlp\extractor\viewlift.py,349,6.44,10,9,480,13,6,1675,1
yt_dlp\extractor\viidea.py,171,15.5,16,2,34,5,3,1675,0
yt_dlp\extractor\vimeo.py,2091,5.57,35,58,3900,64,13,1878,1
yt_dlp\extractor\vimm.py,55,1.5,2,4,74,4,2,1536,0
yt_dlp\extractor\viously.py,54,5.5,6,2,62,2,2,802,0
yt_dlp\extractor\viqeo.py,92,10.5,11,2,33,6,3,1440,0
yt_dlp\extractor\visir.py,108,9.5,10,2,116,1,1,44,0
yt_dlp\extractor\viu.py,475,6.07,24,15,635,16,10,2000,1
yt_dlp\extractor\vk.py,857,6.52,32,21,905,40,12,1766,1
yt_dlp\extractor\vocaroo.py,58,4.5,5,2,73,3,2,1128,0
yt_dlp\extractor\vodpl.py,25,1.5,2,2,3,1,1,1440,0
yt_dlp\extractor\vodplatform.py,30,3.5,4,2,7,4,2,1440,0
yt_dlp\extractor\voicy.py,129,3.2,6,10,189,8,3,1678,1
yt_dlp\extractor\volejtv.py,143,2.67,5,12,215,3,3,1172,1
yt_dlp\extractor\voxmedia.py,191,12.5,17,4,79,8,4,1832,0
yt_dlp\extractor\vrsquare.py,158,2.73,6,11,185,1,1,361,0
yt_dlp\extractor\vrt.py,499,5.56,15,16,997,11,8,1675,0
yt_dlp\extractor\vtm.py,37,2.0,3,3,86,4,3,1440,0
yt_dlp\extractor\vtv.py,102,1.5,2,4,108,1,1,621,0
yt_dlp\extractor\vuclip.py,54,4.5,5,2,12,2,2,1440,0
yt_dlp\extractor\vvvvid.py,302,5.38,11,8,176,10,3,1845,1
yt_dlp\extractor\walla.py,70,4.5,5,2,12,5,3,1675,0
yt_dlp\extractor\washingtonpost.py,109,3.0,5,5,38,5,4,1493,1
yt_dlp\extractor\wat.py,111,11.5,12,2,149,11,7,1850,1
yt_dlp\extractor\wdr.py,335,6.56,18,9,129,11,4,1675,1
yt_dlp\extractor\webcamerapl.py,37,2.5,3,2,48,2,2,1199,0
yt_dlp\extractor\webcaster.py,74,4.8,8,5,30,5,2,1596,0
yt_dlp\extractor\webofstories.py,128,5.5,6,4,23,3,2,1440,0
yt_dlp\extractor\weibo.py,346,3.0,6,14,564,15,8,1447,1
yt_dlp\extractor\weiqitv.py,43,1.5,2,2,4,2,2,1440,0
yt_dlp\extractor\weverse.py,688,3.94,12,32,961,10,3,1030,1
yt_dlp\extractor\wevidi.py,100,2.0,3,3,122,3,2,1065,0
yt_dlp\extractor\weyyak.py,81,2.5,3,2,86,1,1,1029,0
yt_dlp\extractor\whowatch.py,79,11.5,12,2,145,7,4,1784,1
yt_dlp\extractor\whyp.py,56,4.5,5,2,86,3,3,1070,1
yt_dlp\extractor\wikimedia.py,49,4.5,5,2,59,2,2,1342,0
yt_dlp\extractor\wimbledon.py,57,1.5,2,2,63,2,2,967,0
yt_dlp\extractor\wimtv.py,144,4.0,7,6,233,10,6,1836,1
yt_dlp\extractor\wistia.py,377,4.73,18,15,432,13,6,1440,1
yt_dlp\extractor\wordpress.py,129,7.0,9,4,170,4,4,1270,0
yt_dlp\extractor\worldstarhiphop.py,31,2.5,3,2,6,2,2,1440,0
yt_dlp\extractor\wppilot.py,142,4.89,9,9,201,6,4,1602,0
yt_dlp\extractor\wrestleuniverse.py,276,4.14,9,14,436,9,3,1138,1
yt_dlp\extractor\wsj.py,117,3.5,6,4,35,7,6,1440,1
yt_dlp\extractor\wwe.py,117,4.57,9,7,9,2,2,1440,0
yt_dlp\extractor\wykop.py,234,2.67,6,15,284,4,3,1027,0
yt_dlp\extractor\xboxclips.py,54,3.5,4,2,14,3,2,1671,0
yt_dlp\extractor\xhamster.py,552,5.7,50,20,464,22,13,1675,1
yt_dlp\extractor\xiaohongshu.py,98,7.5,8,2,129,5,2,664,0
yt_dlp\extractor\ximalaya.py,217,3.44,10,9,309,9,7,1675,1
yt_dlp\extractor\xinpianchang.py,84,10.5,11,2,144,8,4,1474,1
yt_dlp\extractor\xminus.py,69,4.5,5,2,6,3,2,1440,0
yt_dlp\extractor\xnxx.py,73,8.5,9,2,13,5,4,1452,0
yt_dlp\extractor\xstream.py,101,4.0,6,3,15,5,3,1675,0
yt_dlp\extractor\xvideos.py,209,7.0,12,4,178,10,8,1581,1
yt_dlp\extractor\xxxymovies.py,65,1.5,2,2,10,4,3,1675,0
yt_dlp\extractor\yahoo.py,335,9.25,15,8,562,18,8,1799,1
yt_dlp\extractor\yandexdisk.py,126,22.5,23,2,22,6,4,1675,0
yt_dlp\extractor\yandexmusic.py,381,4.13,11,23,94,5,3,1675,0
yt_dlp\extractor\yandexvideo.py,379,5.36,14,11,579,15,10,1656,1
yt_dlp\extractor\yapfiles.py,83,10.5,11,2,30,6,3,1440,0
yt_dlp\extractor\yappy.py,113,9.0,17,4,142,4,3,1128,0
yt_dlp\extractor\yfanefa.py,61,3.5,4,2,67,1,1,125,0
yt_dlp\extractor\yle_areena.py,172,14.5,15,2,408,9,6,1226,1
yt_dlp\extractor\youjizz.py,78,8.5,9,2,11,4,2,1675,0
yt_dlp\extractor\youku.py,258,5.0,10,7,111,11,7,1806,1
yt_dlp\extractor\younow.py,170,4.9,16,10,60,6,2,1557,1
yt_dlp\extractor\youporn.py,503,4.42,16,19,609,14,5,1850,1
yt_dlp\extractor\youtube\__init__.py,46,0.0,0,0,53,2,2,373,0
yt_dlp\extractor\youtube\_base.py,1088,3.13,14,67,1780,37,7,373,1
yt_dlp\extractor\youtube\_clip.py,61,2.5,3,2,68,2,2,373,0
yt_dlp\extractor\youtube\_mistakes.py,60,1.5,2,4,69,1,1,373,0
yt_dlp\extractor\youtube\_notifications.py,88,5.0,8,5,98,1,1,373,0
yt_dlp\extractor\youtube\_redirect.py,215,1.48,3,21,248,2,2,373,0
yt_dlp\extractor\youtube\_search.py,134,3.8,7,5,182,2,2,373,0
yt_dlp\extractor\youtube\_tab.py,2156,7.66,49,44,2622,9,5,373,1
yt_dlp\extractor\youtube\_video.py,3959,11.09,202,54,6569,94,14,370,1
yt_dlp\extractor\youtube\jsc\__init__.py,4,0.0,0,0,5,1,1,141,0
yt_dlp\extractor\youtube\jsc\_builtin\__init__.py,0,0.0,0,0,0,1,1,141,0
yt_dlp\extractor\youtube\jsc\_builtin\bun.py,111,3.75,6,8,150,2,2,141,0
yt_dlp\extractor\youtube\jsc\_builtin\deno.py,109,3.78,6,9,133,2,2,141,0
yt_dlp\extractor\youtube\jsc\_builtin\ejs.py,262,2.72,12,25,330,2,1,141,1
yt_dlp\extractor\youtube\jsc\_builtin\node.py,56,5.0,7,4,70,1,1,141,0
yt_dlp\extractor\youtube\jsc\_builtin\quickjs.py,49,4.67,7,3,59,1,1,141,0
yt_dlp\extractor\youtube\jsc\_builtin\vendor\__init__.py,13,4.0,4,1,17,1,1,141,0
yt_dlp\extractor\youtube\jsc\_builtin\vendor\_info.py,9,0.0,0,0,39,7,2,141,0
yt_dlp\extractor\youtube\jsc\_director.py,238,5.93,16,14,289,2,2,141,1
yt_dlp\extractor\youtube\jsc\_registry.py,3,0.0,0,0,4,1,1,141,0
yt_dlp\extractor\youtube\jsc\provider.py,120,1.5,4,18,161,1,1,141,0
yt_dlp\extractor\youtube\pot\__init__.py,2,0.0,0,0,3,1,1,307,0
yt_dlp\extractor\youtube\pot\_builtin\__init__.py,0,0.0,0,0,0,1,1,307,0
yt_dlp\extractor\youtube\pot\_builtin\memory_cache.py,62,2.12,4,8,78,1,1,307,0
yt_dlp\extractor\youtube\pot\_builtin\webpo_cachespec.py,38,4.5,5,2,48,1,1,307,0
yt_dlp\extractor\youtube\pot\_director.py,385,4.5,12,30,479,2,2,307,0
yt_dlp\extractor\youtube\pot\_provider.py,130,1.67,5,21,181,2,2,307,0
yt_dlp\extractor\youtube\pot\_registry.py,7,0.0,0,0,8,1,1,307,0
yt_dlp\extractor\youtube\pot\cache.py,70,1.15,2,13,97,1,1,307,0
yt_dlp\extractor\youtube\pot\provider.py,205,2.68,9,19,283,3,2,307,0
yt_dlp\extractor\youtube\pot\utils.py,56,5.0,11,3,79,4,3,307,0
yt_dlp\extractor\zaiko.py,126,5.14,10,7,199,7,4,1013,0
yt_dlp\extractor\zapiks.py,194,6.5,7,2,300,8,4,1675,0
yt_dlp\extractor\zattoo.py,714,1.93,17,82,911,16,5,1675,1
yt_dlp\extractor\zdf.py,683,5.26,30,19,2283,20,7,1845,1
yt_dlp\extractor\zee5.py,256,6.67,10,6,544,25,9,1838,1
yt_dlp\extractor\zeenews.py,53,2.5,3,2,67,4,3,1248,0
yt_dlp\extractor\zenporn.py,106,2.25,3,4,126,2,2,751,0
yt_dlp\extractor\zetland.py,64,2.5,3,2,75,2,2,777,0
yt_dlp\extractor\zhihu.py,59,8.5,9,2,14,6,3,1520,0
yt_dlp\extractor\zingmp3.py,573,3.5,17,30,1315,16,5,1822,1
yt_dlp\extractor\zoom.py,149,5.25,8,4,334,14,6,1822,1
yt_dlp\extractor\zype.py,122,19.5,20,2,34,7,5,1652,0
yt_dlp\globals.py,21,1.33,2,3,43,4,2,391,1
yt_dlp\jsinterp.py,811,6.6,115,42,2083,54,6,1602,1
yt_dlp\minicurses.py,143,2.33,15,21,450,12,3,1641,1
yt_dlp\networking\__init__.py,30,0.0,0,0,44,9,6,980,1
yt_dlp\networking\_curlcffi.py,261,4.29,18,14,445,13,4,735,0
yt_dlp\networking\_helper.py,199,4.38,11,16,347,11,6,980,1
yt_dlp\networking\_requests.py,289,2.29,9,38,592,23,5,889,1
yt_dlp\networking\_urllib.py,323,3.64,14,33,739,20,5,980,1
yt_dlp\networking\_websockets.py,157,3.36,10,11,251,13,4,852,1
yt_dlp\networking\common.py,478,2.8,15,54,726,22,6,980,1
yt_dlp\networking\exceptions.py,69,2.44,8,16,359,8,5,980,1
yt_dlp\networking\impersonate.py,123,3.41,13,17,171,4,4,735,0
yt_dlp\networking\websocket.py,14,1.25,2,4,25,2,2,852,0
yt_dlp\options.py,1935,4.71,17,14,3235,257,29,1850,1
yt_dlp\plugins.py,187,3.29,9,17,447,11,8,1175,1
yt_dlp\postprocessor\__init__.py,58,1.5,2,2,141,18,6,1832,1
yt_dlp\postprocessor\common.py,172,2.04,6,26,288,32,5,1838,1
yt_dlp\postprocessor\embedthumbnail.py,182,9.33,38,6,475,42,12,1850,1
yt_dlp\postprocessor\exec.py,30,2.5,4,6,48,7,3,1573,1
yt_dlp\postprocessor\ffmpeg.py,948,3.79,20,95,2213,132,18,1838,1
yt_dlp\postprocessor\metadataparser.py,107,2.31,5,13,214,14,2,1684,1
yt_dlp\postprocessor\modify_chapters.py,254,11.44,24,9,506,18,5,1662,1
yt_dlp\postprocessor\movefilesafterdownload.py,42,3.5,8,4,46,7,3,1829,1
yt_dlp\postprocessor\sponsorblock.py,85,4.0,6,5,227,17,5,1662,1
yt_dlp\postprocessor\xattrpp.py,65,11.5,12,2,157,12,5,1639,1
yt_dlp\socks.py,189,2.69,9,26,117,7,4,1440,1
yt_dlp\update.py,488,5.37,30,30,2675,84,12,1844,1
yt_dlp\utils\__init__.py,6,0.0,0,0,26,4,2,1035,0
yt_dlp\utils\_deprecated.py,36,2.67,4,3,135,6,4,1035,0
yt_dlp\utils\_jsruntime.py,114,3.0,14,15,195,5,3,141,1
yt_dlp\utils\_legacy.py,183,2.64,20,22,437,12,4,1035,0
yt_dlp\utils\_utils.py,4600,3.73,24,373,2126,97,15,1035,1
yt_dlp\utils\jslib\__init__.py,0,0.0,0,0,1,1,1,282,0
yt_dlp\utils\jslib\devalue.py,130,18.5,34,2,175,3,2,282,1
yt_dlp\utils\networking.py,197,2.45,9,31,394,13,5,980,0
yt_dlp\utils\progress.py,80,2.55,9,11,109,1,1,895,0
yt_dlp\utils\traversal.py,370,3.58,16,19,587,14,3,1035,1
yt_dlp\version.py,7,0.0,0,0,550,125,5,1850,1
yt_dlp\webvtt.py,311,3.0,10,33,518,21,7,1788,1
